Rk,Player,Age,Team,Pos,G,GS,MP,FG,FGA,FG%,3P,3PA,3P%,2P,2PA,2P%,eFG%,FT,FTA,FT%,ORB,DRB,TRB,AST,STL,BLK,TOV,PF,PTS,Awards,Player-additional
1,Luka Dončić,26,LAL,PG,36,36,36.4,10.4,22.4,.467,3.4,10.2,.334,7.0,12.2,.578,.543,9.1,11.5,.790,0.9,6.9,7.8,8.7,1.6,0.5,4.3,2.7,33.4,,doncilu01
2,Shai Gilgeous-Alexander,27,OKC,PG,44,44,33.4,11.1,19.9,.557,1.9,4.8,.396,9.2,15.1,.608,.605,8.3,9.2,.894,0.5,3.9,4.4,6.2,1.3,0.8,2.0,2.0,32.3,,gilgesh01
3,Tyrese Maxey,25,PHI,PG,42,42,39.5,10.5,22.3,.472,3.5,8.9,.392,7.0,13.4,.526,.551,5.3,6.0,.882,0.3,4.0,4.3,6.8,2.1,1.0,2.5,2.1,29.9,,maxeyty01
4,Jaylen Brown,29,BOS,SF,42,42,34.5,10.9,22.6,.484,2.2,6.0,.362,8.7,16.5,.528,.532,5.8,7.4,.781,1.3,5.5,6.8,4.9,1.0,0.4,3.7,2.9,29.8,,brownja02
5,Anthony Edwards,24,MIN,SG,36,36,35.2,10.2,20.7,.495,3.5,8.6,.406,6.8,12.1,.557,.579,5.7,7.2,.795,0.6,4.4,5.1,3.7,1.3,0.8,2.6,2.0,29.6,,edwaran01
6,Nikola Jokić,30,DEN,C,32,32,34.6,10.6,17.5,.605,2.1,4.8,.435,8.5,12.7,.670,.665,6.3,7.4,.853,3.0,9.1,12.2,11.0,1.4,0.8,3.5,2.8,29.6,,jokicni01
7,Donovan Mitchell,29,CLE,SG,43,43,34.2,10.1,21.0,.482,3.8,9.9,.380,6.3,11.1,.574,.572,5.1,6.1,.840,0.9,3.9,4.8,5.8,1.5,0.2,3.1,2.5,29.1,,mitchdo01
8,Kawhi Leonard,34,LAC,SF,31,31,33.5,9.7,19.5,.497,2.9,7.3,.400,6.8,12.3,.554,.571,5.8,6.1,.942,0.9,5.3,6.2,3.5,2.2,0.6,2.1,1.4,28.1,,leonaka01
9,Giannis Antetokounmpo,31,MIL,PF,30,30,29.2,10.5,16.2,.645,0.5,1.3,.395,10.0,15.0,.666,.660,6.5,9.9,.658,2.8,7.2,10.0,5.6,0.9,0.7,3.3,2.6,28.0,,antetgi01
10,Jalen Brunson,29,NYK,PG,40,39,34.5,10.0,21.0,.477,3.0,7.8,.384,7.0,13.2,.532,.548,5.0,5.9,.847,0.5,2.7,3.2,6.1,0.7,0.1,2.3,2.5,28.0,,brunsja01
11,Lauri Markkanen,28,UTA,PF,33,33,36.0,9.5,19.7,.483,2.9,8.0,.365,6.6,11.7,.563,.557,6.0,6.8,.884,2.0,5.2,7.2,2.2,1.0,0.5,1.6,2.0,27.9,,markkla01
12,Stephen Curry,37,GSW,PG,36,36,31.7,9.1,19.3,.470,4.6,11.6,.392,4.5,7.7,.586,.588,4.6,5.0,.928,0.4,3.3,3.7,4.9,1.1,0.4,2.8,2.0,27.4,,curryst01
13,Austin Reaves,27,LAL,SG,23,22,35.3,8.2,16.2,.507,2.7,7.4,.365,5.5,8.8,.626,.590,7.5,8.6,.873,0.7,4.5,5.2,6.3,1.0,0.2,3.3,2.3,26.6,,reaveau01
14,Kevin Durant,37,HOU,SF,41,41,36.9,9.2,17.9,.516,2.3,5.7,.406,6.9,12.2,.567,.580,5.5,6.2,.885,0.4,5.0,5.5,4.6,0.7,1.0,3.1,2.1,26.3,,duranke01
15,Deni Avdija,25,POR,SF,42,42,34.9,7.9,16.8,.471,2.3,6.4,.356,5.6,10.4,.542,.539,7.9,9.8,.807,1.0,6.0,7.1,6.9,0.8,0.6,3.9,2.7,26.0,,avdijde01
16,Jamal Murray,28,DEN,PG,41,41,35.4,9.3,18.9,.490,3.4,7.5,.448,5.9,11.4,.518,.579,4.0,4.5,.892,0.4,3.9,4.3,7.3,1.0,0.3,2.4,1.6,26.0,,murraja01
17,James Harden,36,LAC,PG,41,41,35.7,7.5,17.9,.419,3.0,8.9,.342,4.4,8.9,.497,.505,7.8,8.7,.899,0.6,4.2,4.8,8.1,1.3,0.3,3.7,1.9,25.8,,hardeja01
18,Devin Booker,29,PHO,SG,41,41,34.0,8.4,18.4,.456,1.7,5.5,.313,6.7,12.9,.517,.503,7.0,8.0,.864,0.8,3.2,4.0,6.2,0.9,0.3,3.3,2.6,25.4,,bookede01
19,Michael Porter Jr.,27,BRK,SF,35,34,33.2,9.0,18.7,.481,3.8,9.6,.394,5.2,9.1,.572,.582,3.7,4.3,.849,1.3,6.1,7.4,3.2,1.0,0.2,2.5,2.1,25.4,,portemi01
20,Cade Cunningham,24,DET,PG,37,37,35.5,8.8,19.4,.451,1.9,5.9,.321,6.9,13.5,.508,.500,5.9,7.2,.823,1.0,4.8,5.8,9.7,1.5,0.8,3.9,3.3,25.3,,cunnica01
21,Joel Embiid,31,PHI,C,25,25,30.6,8.4,17.4,.486,1.1,4.0,.280,7.3,13.4,.548,.518,7.1,8.3,.855,2.1,5.3,7.4,3.6,0.6,1.1,3.1,2.0,25.1,,embiijo01
22,Victor Wembanyama,22,SAS,C,31,22,28.8,8.5,16.6,.510,1.9,4.8,.389,6.6,11.8,.559,.566,5.7,6.7,.846,2.0,8.9,10.9,2.9,0.8,2.6,2.7,2.8,24.5,,wembavi01
23,Keyonte George,22,UTA,PG,45,45,34.4,7.6,16.7,.455,2.6,6.9,.373,5.0,9.8,.514,.533,6.5,7.2,.904,0.5,3.4,3.9,6.6,1.1,0.3,3.4,2.4,24.2,,georgke01
24,Pascal Siakam,31,IND,PF,44,44,33.9,8.9,18.5,.483,1.9,4.8,.385,7.1,13.7,.517,.533,4.0,6.0,.677,1.6,5.3,6.9,4.0,1.1,0.4,2.2,2.6,23.8,,siakapa01
25,Norman Powell,32,MIA,SG,40,40,30.7,7.8,16.2,.481,2.9,7.3,.400,4.9,8.9,.546,.570,4.8,5.7,.838,0.3,3.3,3.6,2.7,1.2,0.2,1.9,2.2,23.3,,powelno01
26,Jalen Johnson,24,ATL,SF,43,43,35.6,8.6,16.9,.512,1.6,4.6,.357,7.0,12.3,.569,.560,4.3,5.5,.780,1.5,9.0,10.5,8.0,1.2,0.5,3.5,2.0,23.2,,johnsja05
27,Julius Randle,31,MIN,PF,45,45,33.6,7.8,15.8,.494,1.6,4.7,.340,6.2,11.1,.559,.544,5.4,6.6,.811,1.7,5.3,7.0,5.4,1.1,0.2,2.6,2.8,22.6,,randlju01
28,LeBron James,41,LAL,SF,27,27,33.4,8.3,16.3,.508,1.6,4.7,.331,6.7,11.6,.580,.556,4.1,5.6,.742,0.7,5.3,6.0,6.9,1.1,0.7,2.8,1.4,22.3,,jamesle01
29,Trey Murphy III,25,NOP,SF,43,43,35.7,7.8,15.8,.494,3.1,8.1,.381,4.7,7.7,.614,.592,3.6,4.0,.906,1.1,4.9,6.0,3.6,1.6,0.3,1.9,2.1,22.3,,murphtr02
30,Franz Wagner,24,ORL,SF,26,26,32.8,7.6,15.8,.482,1.5,4.1,.368,6.1,11.7,.521,.529,5.5,6.6,.826,1.6,4.5,6.1,3.6,1.1,0.3,1.8,2.3,22.2,,wagnefr01
31,Zion Williamson,25,NOP,PF,31,24,28.9,8.2,14.1,.580,0.0,0.1,.000,8.2,14.0,.584,.580,5.6,8.1,.694,2.2,3.7,5.9,3.4,1.2,0.6,2.3,2.3,22.0,,willizi01
32,Tyler Herro,26,MIA,SG,11,10,31.7,8.2,16.5,.497,2.2,6.1,.358,6.0,10.4,.579,.564,3.4,3.7,.902,0.5,4.2,4.7,2.7,1.0,0.5,1.5,2.0,21.9,,herroty01
33,Shaedon Sharpe,22,POR,SG,42,36,30.1,8.2,18.1,.455,2.1,6.1,.339,6.2,12.0,.515,.513,3.3,4.3,.777,1.1,3.5,4.6,2.7,1.5,0.1,3.1,2.0,21.9,,sharpsh01
34,Brandon Ingram,28,TOR,SF,45,45,34.0,8.1,17.1,.471,1.8,5.0,.362,6.3,12.2,.516,.523,3.8,4.6,.834,0.8,5.1,6.0,3.8,0.8,0.8,2.7,1.9,21.7,,ingrabr01
35,Alperen Şengün,23,HOU,C,36,36,34.2,8.2,16.2,.508,0.6,2.1,.299,7.6,14.1,.540,.527,4.1,6.0,.693,2.8,6.2,9.0,6.4,1.5,1.0,3.3,3.2,21.2,,sengual01
36,Paolo Banchero,23,ORL,PF,34,34,33.9,7.1,15.6,.455,1.1,3.8,.287,6.0,11.8,.509,.490,5.9,7.7,.763,1.0,7.6,8.6,4.9,0.7,0.6,2.9,2.1,21.1,,banchpa01
37,De'Aaron Fox,28,SAS,PG,36,36,32.5,7.5,15.7,.479,2.1,6.0,.355,5.4,9.7,.556,.547,3.3,4.1,.797,0.7,3.5,4.2,5.9,1.3,0.3,2.4,2.3,20.5,,foxde01
38,Karl-Anthony Towns,30,NYK,C,42,41,31.6,6.7,14.2,.469,1.7,4.6,.364,5.0,9.6,.520,.528,5.5,6.5,.856,2.9,8.5,11.4,2.9,0.9,0.7,2.6,3.7,20.5,,townska01
39,Anthony Davis,32,DAL,PF,20,20,31.3,8.5,16.7,.506,0.5,1.9,.270,8.0,14.9,.535,.521,3.0,4.1,.728,3.1,8.0,11.1,2.8,1.1,1.7,2.1,2.1,20.4,,davisan02
40,Nickeil Alexander-Walker,27,ATL,SG,45,38,32.9,6.9,15.7,.442,3.1,8.1,.379,3.9,7.6,.509,.540,3.4,3.8,.873,0.6,2.9,3.5,3.5,1.1,0.6,2.0,2.1,20.3,,alexani01
41,Dillon Brooks,30,PHO,SF,39,39,30.8,7.4,17.0,.435,2.4,7.1,.344,4.9,9.9,.500,.507,3.0,3.5,.855,0.7,2.8,3.5,1.7,1.1,0.1,1.9,3.4,20.2,,brookdi01
42,Jimmy Butler,36,GSW,SF,38,38,31.1,6.3,12.2,.519,0.8,2.2,.376,5.5,9.9,.552,.554,6.5,7.6,.864,2.3,3.2,5.6,4.9,1.4,0.2,1.6,1.2,20.0,,butleji01
43,Brandon Miller,23,CHO,SF,29,29,30.1,7.0,16.6,.424,2.8,7.9,.358,4.2,8.7,.484,.509,3.1,3.7,.850,1.1,3.3,4.4,3.5,1.0,0.9,2.7,2.8,20.0,,millebr02
44,Scottie Barnes,24,TOR,PF,46,46,34.6,7.7,15.3,.501,1.0,3.2,.315,6.7,12.2,.550,.534,3.3,4.0,.826,2.2,6.1,8.2,5.5,1.3,1.4,2.7,2.8,19.7,,barnesc01
45,Zach LaVine,30,SAC,SG,34,33,32.2,6.9,14.1,.486,2.7,6.7,.399,4.2,7.4,.565,.581,3.0,3.5,.866,0.2,2.6,2.8,2.3,0.7,0.3,2.0,2.1,19.5,,lavinza01
46,Ja Morant,26,MEM,PG,20,20,28.5,6.6,16.1,.410,1.0,4.3,.235,5.6,11.9,.473,.441,5.3,5.9,.897,0.4,2.9,3.3,8.1,1.0,0.3,3.6,2.0,19.5,,moranja01
47,LaMelo Ball,24,CHO,PG,36,33,27.4,6.8,16.7,.407,3.3,9.2,.361,3.5,7.5,.463,.507,2.4,2.7,.885,0.9,4.1,5.0,7.6,1.2,0.3,3.1,2.7,19.3,,ballla01
48,Trae Young,27,ATL,PG,10,10,28.0,5.6,13.5,.415,1.8,5.9,.305,3.8,7.6,.500,.481,6.3,7.3,.863,0.0,1.5,1.5,8.9,1.0,0.1,2.6,2.0,19.3,,youngtr01
49,RJ Barrett,25,TOR,SF,24,24,30.0,7.2,14.5,.494,1.8,5.4,.341,5.3,9.1,.584,.557,3.0,4.5,.682,0.8,4.3,5.1,3.6,0.8,0.2,1.6,2.4,19.2,,barrerj01
50,Jerami Grant,31,POR,PF,30,14,29.4,5.7,13.3,.432,2.3,6.2,.378,3.4,7.1,.479,.520,5.4,6.4,.853,1.0,2.7,3.7,2.5,0.7,0.7,2.2,2.8,19.2,,grantje01
51,Desmond Bane,27,ORL,SG,44,44,34.0,6.9,15.2,.453,1.7,5.0,.339,5.2,10.3,.508,.508,3.5,3.7,.933,1.3,3.2,4.5,4.5,0.8,0.5,2.2,3.0,18.9,,banede01
52,DeMar DeRozan,36,SAC,PF,46,46,33.5,6.7,13.3,.506,0.7,2.1,.354,6.0,11.2,.534,.534,4.7,5.4,.874,0.5,2.8,3.3,3.9,1.4,0.2,1.1,2.1,18.9,,derozde01
53,Jaren Jackson Jr.,26,MEM,C,41,41,30.5,7.0,14.6,.479,1.7,4.6,.363,5.3,9.9,.533,.537,3.3,4.2,.779,0.9,4.8,5.7,1.9,0.9,1.5,2.3,3.8,18.9,,jacksja02
54,Kon Knueppel,20,CHO,SF,45,44,32.2,6.6,13.6,.481,3.3,7.8,.422,3.2,5.8,.562,.603,2.5,2.8,.895,1.2,4.3,5.5,3.5,0.7,0.2,2.2,2.3,18.9,,knuepko01
55,Cooper Flagg,19,DAL,SF,43,43,33.8,7.2,15.2,.473,1.0,3.5,.280,6.2,11.7,.531,.505,3.4,4.3,.795,1.2,5.2,6.4,4.1,1.3,0.7,2.2,2.3,18.8,,flaggco01
56,Josh Giddey,23,CHI,PG,32,30,32.3,6.5,14.0,.464,1.8,4.7,.373,4.8,9.3,.510,.527,4.1,5.3,.765,1.2,7.7,8.8,8.9,0.9,0.3,3.6,1.7,18.8,,giddejo01
57,Coby White,25,CHI,SG,24,21,28.7,6.1,13.5,.451,2.6,7.1,.363,3.5,6.4,.549,.546,4.1,5.1,.797,0.3,3.2,3.5,4.7,0.7,0.1,3.1,2.3,18.8,,whiteco01
58,Miles Bridges,27,CHO,PF,45,45,32.7,6.6,14.9,.445,2.2,6.7,.334,4.4,8.2,.535,.520,3.2,3.8,.832,1.0,5.2,6.2,3.5,0.5,0.5,1.4,1.8,18.7,,bridgmi02
59,CJ McCollum,34,2TM,PG,42,36,30.2,6.8,15.1,.450,2.5,6.7,.376,4.3,8.4,.510,.534,2.4,3.1,.771,0.6,2.7,3.4,3.6,0.7,0.3,1.6,2.0,18.5,,mccolcj01
59,CJ McCollum,34,WAS,SG,35,35,30.9,6.9,15.1,.454,2.7,7.0,.393,4.1,8.1,.505,.544,2.3,2.9,.804,0.7,2.9,3.5,3.6,0.7,0.3,1.7,2.1,18.8,,mccolcj01
59,CJ McCollum,34,ATL,PG,7,1,26.7,6.6,15.1,.434,1.4,5.4,.263,5.1,9.7,.529,.481,2.7,4.1,.655,0.6,2.0,2.6,3.4,0.7,0.7,1.6,1.6,17.3,,mccolcj01
60,Amen Thompson,23,HOU,PG,43,43,37.3,7.1,13.8,.513,0.4,1.9,.195,6.7,11.9,.564,.527,3.8,4.8,.797,2.8,4.9,7.7,5.2,1.4,0.6,2.5,2.3,18.4,,thompam01
61,Darius Garland,26,CLE,PG,26,26,30.5,6.5,14.5,.451,2.3,6.3,.360,4.3,8.2,.521,.529,2.6,3.0,.861,0.5,2.0,2.4,6.9,0.8,0.1,2.8,1.8,18.0,,garlada01
62,Chet Holmgren,23,OKC,PF,40,40,29.2,6.8,11.8,.572,1.4,3.7,.384,5.4,8.2,.656,.631,3.1,4.0,.770,1.8,6.8,8.6,1.6,0.6,2.0,1.7,2.7,18.0,,holmgch01
63,Evan Mobley,24,CLE,PF,41,39,33.3,6.9,13.5,.511,1.1,3.8,.303,5.7,9.7,.592,.553,3.0,4.6,.644,2.3,6.4,8.8,4.1,0.9,2.0,2.1,2.5,17.9,,mobleev01
64,Bam Adebayo,28,MIA,C,38,38,30.9,6.4,14.4,.449,1.6,4.5,.353,4.9,9.9,.492,.504,3.3,4.3,.784,2.1,7.7,9.7,2.8,0.9,0.8,1.8,1.7,17.8,,adebaba01
65,Jalen Duren,22,DET,C,36,36,28.3,7.0,11.2,.627,0.0,0.0,,7.0,11.2,.627,.627,3.8,5.3,.723,3.9,6.8,10.8,1.8,0.9,0.9,2.1,3.1,17.8,,durenja01
66,Bennedict Mathurin,23,IND,SF,24,24,32.2,5.6,13.2,.423,2.2,6.0,.366,3.4,7.2,.471,.506,4.4,5.0,.876,0.8,4.7,5.5,2.2,0.7,0.2,2.4,2.9,17.8,,mathube01
67,Aaron Gordon,30,DEN,PF,23,20,27.9,6.0,11.9,.509,1.8,4.6,.400,4.2,7.3,.577,.586,3.7,4.7,.789,1.3,4.9,6.2,2.5,0.7,0.2,1.0,1.7,17.7,,gordoaa01
68,Andrew Nembhard,26,IND,PG,36,36,32.0,6.2,13.8,.451,1.9,5.1,.364,4.3,8.6,.502,.518,3.4,4.2,.815,0.4,2.3,2.8,7.3,0.9,0.1,2.4,2.2,17.7,,nembhan01
69,Derrick White,31,BOS,SG,43,43,34.2,6.0,15.5,.388,2.9,9.1,.321,3.1,6.4,.484,.483,2.6,2.9,.888,1.0,3.6,4.6,5.4,1.3,1.5,1.8,1.7,17.6,,whitede01
70,Alex Sarr,20,WAS,C,35,35,28.3,7.0,13.9,.505,0.9,2.7,.344,6.1,11.1,.545,.539,2.4,3.4,.708,2.1,5.2,7.3,2.7,0.8,2.1,1.7,2.0,17.4,,sarral01
71,Kristaps Porziņģis,30,ATL,C,17,12,24.3,5.6,12.4,.457,1.8,5.1,.360,3.8,7.3,.524,.531,4.0,4.8,.840,1.2,3.9,5.1,2.7,0.5,1.3,0.9,3.2,17.1,,porzikr01
72,Immanuel Quickley,26,TOR,PG,44,44,32.6,5.9,13.4,.439,2.5,7.0,.360,3.4,6.4,.525,.533,2.7,3.3,.814,0.5,3.7,4.3,6.3,1.2,0.1,1.7,2.0,17.0,,quickim01
73,Stephon Castle,21,SAS,PG,36,36,31.0,5.6,12.5,.451,1.1,3.9,.282,4.5,8.6,.529,.496,4.5,6.3,.721,1.2,3.9,5.0,7.1,1.3,0.3,3.5,3.5,16.9,,castlst01
74,Kevin Porter Jr.,25,MIL,PG,23,22,33.6,5.8,13.0,.443,1.7,4.6,.358,4.1,8.4,.490,.507,3.6,4.2,.845,0.7,4.3,5.0,7.4,2.1,0.4,3.3,2.1,16.8,,porteke02
75,Nikola Vučević,35,CHI,C,44,44,30.8,7.0,13.7,.507,1.8,4.6,.379,5.2,9.1,.573,.571,1.2,1.4,.810,2.1,7.0,9.1,3.8,0.7,0.7,1.4,2.0,16.8,,vucevni01
76,Jalen Williams,24,OKC,SG,24,24,29.6,6.6,14.0,.470,0.8,2.5,.300,5.8,11.5,.507,.497,2.9,3.5,.833,0.7,4.1,4.8,5.6,1.3,0.4,2.0,2.1,16.8,,willija06
77,Payton Pritchard,28,BOS,PG,44,44,32.8,6.3,13.9,.450,2.5,7.3,.344,3.8,6.6,.567,.540,1.7,1.9,.869,1.0,3.4,4.4,5.4,0.8,0.1,1.1,1.5,16.7,,pritcpa01
78,Grayson Allen,30,PHO,SG,28,19,29.5,5.5,13.0,.422,3.3,8.9,.375,2.2,4.2,.521,.549,1.9,2.3,.831,0.6,2.3,2.9,3.8,1.6,0.3,1.6,2.4,16.3,,allengr01
79,Onyeka Okongwu,25,ATL,C,45,34,32.1,6.1,12.6,.484,2.0,5.4,.369,4.1,7.2,.571,.564,2.2,2.8,.782,1.9,6.0,7.9,3.4,1.2,1.0,2.0,3.5,16.3,,okongon01
80,Cam Thomas,24,BRK,SG,20,8,24.3,5.3,13.3,.395,1.7,5.0,.333,3.6,8.4,.431,.457,4.0,4.7,.851,0.4,1.4,1.8,3.1,0.2,0.1,1.9,1.5,16.2,,thomaca02
81,Ryan Rollins,23,MIL,PG,44,39,31.6,6.2,13.4,.459,2.3,5.8,.392,3.9,7.6,.509,.543,1.5,2.0,.764,0.8,3.6,4.5,5.4,1.5,0.4,2.3,2.8,16.1,,rolliry01
82,Domantas Sabonis,29,SAC,C,15,11,30.3,6.2,11.7,.528,0.3,1.6,.208,5.9,10.1,.579,.543,3.3,4.4,.742,3.0,8.7,11.7,3.8,1.0,0.2,2.8,3.7,16.0,,sabondo01
83,Andrew Wiggins,30,MIA,SF,42,42,31.5,6.1,12.9,.471,1.9,4.8,.398,4.2,8.1,.515,.545,1.8,2.3,.789,1.8,3.1,4.9,2.9,1.2,1.0,1.7,2.4,15.9,,wiggian01
84,OG Anunoby,28,NYK,PF,35,34,32.8,5.5,11.9,.460,1.9,5.4,.344,3.6,6.5,.558,.539,2.9,3.7,.798,1.5,4.1,5.5,2.3,1.7,0.7,2.1,2.5,15.7,,anunoog01
85,Saddiq Bey,26,NOP,SF,40,32,29.9,5.5,12.1,.450,1.7,5.1,.335,3.8,7.0,.534,.521,3.1,3.8,.828,1.6,4.0,5.6,2.3,0.9,0.1,0.6,1.1,15.7,,beysa01
86,Anthony Black,22,ORL,PG,44,24,30.7,5.6,12.3,.460,1.6,4.6,.356,4.0,7.7,.522,.527,2.7,3.8,.723,0.8,3.3,4.1,4.0,1.3,0.7,2.4,2.8,15.6,,blackan01
87,Mikal Bridges,29,NYK,SF,45,44,34.6,6.3,12.7,.495,2.2,5.7,.389,4.0,7.0,.581,.582,0.9,1.1,.796,1.1,3.3,4.4,4.2,1.6,0.9,1.0,1.9,15.6,,bridgmi01
88,VJ Edgecombe,20,PHI,SG,40,40,36.0,5.8,13.5,.431,2.1,5.8,.366,3.7,7.7,.480,.510,1.9,2.5,.765,1.7,3.6,5.3,4.2,1.5,0.5,1.9,3.3,15.6,,edgecvj01
89,Kyshawn George,22,WAS,SF,35,35,31.2,5.6,12.4,.453,2.2,5.7,.387,3.4,6.7,.509,.542,2.1,2.7,.774,1.0,4.8,5.8,5.1,1.1,0.9,3.0,4.1,15.5,,georgky01
90,Russell Westbrook,37,SAC,SF,46,40,29.7,5.7,13.1,.435,2.0,5.8,.351,3.7,7.3,.503,.513,2.0,2.9,.696,1.4,4.7,6.1,6.8,1.4,0.2,3.3,2.5,15.5,,westbru01
91,Paul George,35,PHI,PF,25,25,30.2,5.3,12.7,.415,2.2,6.2,.364,3.0,6.6,.463,.503,2.6,3.0,.865,0.6,4.7,5.3,3.6,1.4,0.5,1.7,2.2,15.4,,georgpa01
92,Jrue Holiday,35,POR,PG,18,16,28.8,5.8,12.8,.450,2.4,6.6,.361,3.4,6.2,.545,.543,1.4,1.8,.813,1.2,3.4,4.6,7.1,1.3,0.2,2.4,1.7,15.4,,holidjr01
93,Jabari Smith Jr.,22,HOU,PF,42,42,35.0,5.5,12.9,.431,2.2,6.3,.346,3.4,6.5,.515,.517,2.0,2.7,.743,1.6,5.3,6.9,1.9,0.7,0.9,1.3,2.7,15.3,,smithja05
94,Jaime Jaquez Jr.,24,MIA,SF,41,1,28.7,6.1,12.0,.514,0.5,1.7,.271,5.7,10.2,.555,.534,2.4,3.3,.746,1.3,3.9,5.3,4.7,0.8,0.2,2.2,2.0,15.2,,jaqueja01
95,Jaden McDaniels,25,MIN,PF,43,43,32.2,5.7,11.1,.516,1.4,3.3,.417,4.3,7.7,.559,.579,2.2,2.7,.842,1.2,3.4,4.6,2.9,1.1,1.0,1.7,3.4,15.1,,mcdanja02
96,Devin Vassell,25,SAS,SG,32,32,31.9,5.3,12.4,.422,2.7,7.0,.379,2.6,5.4,.477,.529,1.8,2.1,.868,0.5,3.6,4.0,2.4,0.9,0.5,0.9,2.0,15.0,,vassede01
97,Matas Buzelis,21,CHI,PF,45,45,28.0,5.4,11.3,.475,1.9,5.3,.359,3.5,6.0,.578,.559,2.3,2.9,.780,1.1,4.1,5.2,2.0,0.7,1.4,1.7,2.5,14.9,,buzelma01
98,Collin Sexton,27,CHO,SG,37,12,23.0,5.0,10.1,.493,1.3,3.4,.387,3.7,6.8,.546,.557,3.5,3.9,.877,0.4,1.5,1.9,3.9,0.9,0.1,2.2,1.7,14.8,,sextoco01
99,Jalen Suggs,24,ORL,PG,24,24,25.3,5.2,11.0,.471,1.9,5.7,.328,3.3,5.3,.627,.557,2.6,3.0,.861,0.7,2.8,3.5,4.7,1.8,0.5,2.6,3.0,14.8,,suggsja01
100,Ivica Zubac,28,LAC,C,38,37,31.2,6.3,10.5,.603,0.0,0.0,,6.3,10.5,.603,.603,2.2,2.9,.732,3.7,7.4,11.1,2.3,0.4,0.9,1.9,2.4,14.8,,zubaciv01
101,Naji Marshall,28,DAL,SF,46,23,29.2,5.4,9.8,.545,0.9,2.9,.306,4.5,6.9,.646,.591,3.0,3.9,.787,0.9,4.0,4.9,3.0,1.1,0.1,1.4,2.0,14.7,,marshna01
102,Keegan Murray,25,SAC,PF,19,18,35.9,5.8,13.6,.429,1.3,4.8,.272,4.5,8.8,.515,.477,1.6,2.0,.789,1.6,4.5,6.1,1.5,1.2,1.6,1.2,1.9,14.6,,murrake02
103,Kelly Oubre Jr.,30,PHI,SF,22,17,32.5,5.4,11.0,.490,1.9,4.9,.380,3.5,6.0,.579,.575,2.0,2.7,.733,0.9,3.7,4.6,1.5,1.2,0.7,1.4,2.6,14.6,,oubreke01
104,Naz Reid,26,MIN,C,45,2,26.2,5.5,11.5,.474,2.5,6.3,.392,3.0,5.2,.572,.581,1.2,1.5,.783,1.1,5.1,6.2,2.5,0.9,0.9,1.6,2.5,14.6,,reidna01
105,Jordan Poole,26,NOP,PG,28,6,25.4,4.5,12.1,.370,2.5,7.5,.336,1.9,4.5,.425,.475,3.0,3.5,.876,0.2,1.6,1.8,3.1,0.7,0.3,1.9,2.4,14.5,,poolejo01
106,Peyton Watson,23,DEN,SF,43,33,29.9,5.2,10.2,.508,1.5,3.5,.421,3.7,6.7,.554,.581,2.6,3.5,.742,0.9,4.1,5.1,1.9,1.1,1.1,1.7,2.5,14.5,,watsope01
107,Walker Kessler,24,UTA,C,5,5,30.8,5.2,7.4,.703,1.2,1.6,.750,4.0,5.8,.690,.784,2.8,4.0,.700,4.6,6.2,10.8,3.0,1.4,1.8,3.2,4.4,14.4,,kesslwa01
108,Ayo Dosunmu,26,CHI,SG,39,7,25.9,5.3,10.4,.510,1.9,4.2,.457,3.4,6.2,.546,.603,1.8,2.2,.857,0.7,2.0,2.7,3.5,0.7,0.3,1.2,1.7,14.3,,dosunay01
109,Ajay Mitchell,23,OKC,SG,43,9,26.3,5.2,10.6,.487,1.1,3.2,.350,4.0,7.4,.545,.539,2.7,3.0,.870,0.7,2.8,3.5,3.7,1.4,0.3,1.6,2.2,14.1,,mitchaj01
110,P.J. Washington,27,DAL,PF,33,31,30.9,5.3,11.8,.451,1.3,4.0,.316,4.0,7.7,.522,.505,2.2,3.3,.685,1.4,5.8,7.2,1.8,1.1,1.4,2.1,2.3,14.1,,washipj01
111,Santi Aldama,25,MEM,PF,41,9,28.0,5.3,11.1,.478,1.6,4.7,.349,3.7,6.4,.573,.552,1.8,2.6,.673,1.5,5.1,6.7,3.0,0.9,0.7,1.3,1.6,14.0,,aldamsa01
112,Cedric Coward,22,MEM,SG,40,27,26.6,5.1,10.7,.473,1.6,4.6,.348,3.5,6.1,.567,.548,2.3,2.7,.850,1.5,5.0,6.4,2.9,0.6,0.4,1.7,2.0,14.0,,cowarce01
113,Obi Toppin,27,IND,PF,3,0,27.3,5.0,12.0,.417,1.0,5.7,.176,4.0,6.3,.632,.458,3.0,3.0,1.000,1.0,5.7,6.7,1.7,1.0,0.0,2.0,2.3,14.0,,toppiob01
114,Jeremiah Fears,19,NOP,PG,47,44,26.3,5.2,12.0,.435,1.0,3.2,.325,4.2,8.8,.475,.478,2.3,2.9,.809,0.7,3.0,3.7,3.1,1.2,0.3,2.3,1.8,13.9,,fearsje01
115,Anfernee Simons,26,BOS,SG,45,0,24.6,5.0,11.4,.435,2.6,6.6,.396,2.4,4.8,.488,.550,1.4,1.5,.884,0.5,2.0,2.5,2.5,0.5,0.1,1.2,1.7,13.9,,simonan01
116,De'Andre Hunter,28,CLE,SF,41,23,26.4,4.6,11.0,.420,1.7,5.4,.306,3.0,5.6,.530,.496,2.8,3.2,.879,0.7,3.6,4.3,2.1,0.6,0.1,1.7,2.6,13.8,,huntede01
117,Sam Merrill,29,CLE,SG,24,15,25.8,4.5,9.6,.470,3.5,7.8,.455,1.0,1.8,.535,.654,1.3,1.4,.882,0.7,1.7,2.4,2.3,0.7,0.1,0.9,2.8,13.8,,merrisa01
118,Tim Hardaway Jr.,33,DEN,SG,45,5,27.2,4.5,10.1,.443,2.8,7.0,.392,1.7,3.1,.557,.579,2.0,2.2,.900,0.2,2.2,2.4,1.4,0.5,0.2,0.5,1.2,13.7,,hardati02
119,Jaylon Tyson,23,CLE,SG,42,27,27.8,5.2,10.1,.513,2.0,4.4,.462,3.1,5.7,.552,.614,1.3,1.7,.757,2.1,3.4,5.5,2.2,0.9,0.5,1.5,2.9,13.7,,tysonja01
120,Deandre Ayton,27,LAL,C,39,39,28.7,6.2,9.4,.662,0.0,0.0,,6.2,9.4,.662,.662,1.1,1.7,.632,2.5,6.2,8.7,0.8,0.7,1.0,1.5,2.4,13.6,,aytonde01
121,Zach Edey,23,MEM,C,11,11,25.8,5.6,8.9,.633,0.1,0.5,.200,5.5,8.5,.656,.638,2.3,2.9,.781,3.9,7.2,11.1,1.1,0.6,1.9,2.4,3.4,13.6,,edeyza01
122,Jarrett Allen,27,CLE,C,35,35,27.1,5.1,8.7,.590,0.0,0.2,.125,5.1,8.5,.603,.592,3.1,3.9,.775,2.2,5.7,7.9,1.9,1.0,0.8,1.5,1.9,13.4,,allenja01
123,Collin Gillespie,26,PHO,PG,45,26,28.3,4.7,10.6,.444,2.9,6.9,.424,1.8,3.7,.482,.582,1.1,1.3,.847,1.0,3.1,4.1,4.8,1.4,0.3,1.7,1.5,13.4,,gilleco01
124,Keldon Johnson,26,SAS,SF,45,0,24.0,5.1,9.1,.556,1.2,3.1,.406,3.8,6.0,.632,.624,2.1,2.6,.788,1.9,4.1,6.0,1.3,0.7,0.1,0.9,1.9,13.4,,johnske04
125,Max Christie,22,DAL,SG,42,33,29.4,4.5,9.4,.483,2.6,5.8,.455,1.9,3.6,.530,.623,1.6,1.9,.863,0.2,3.2,3.5,2.2,0.5,0.3,1.1,1.5,13.3,,chrisma02
126,Quentin Grimes,25,PHI,SG,42,7,30.6,4.2,9.8,.432,2.0,5.7,.347,2.3,4.1,.549,.533,2.8,3.3,.861,0.6,3.2,3.9,3.7,1.0,0.5,2.0,2.0,13.3,,grimequ01
127,Tobias Harris,33,DET,PF,28,28,27.4,4.9,10.7,.455,1.3,4.0,.327,3.5,6.6,.532,.517,2.2,2.6,.849,1.0,3.6,4.5,2.4,0.8,0.3,1.1,2.0,13.3,,harrito02
128,Aaron Nesmith,26,IND,SF,25,22,30.4,4.4,12.2,.359,2.4,6.9,.349,2.0,5.3,.371,.457,2.2,2.7,.806,1.5,3.6,5.2,2.2,0.7,0.6,1.4,2.8,13.3,,nesmiaa01
129,John Collins,28,LAC,PF,41,32,27.5,5.1,9.2,.559,1.4,3.2,.427,3.8,6.0,.629,.633,1.6,2.0,.807,1.3,3.5,4.9,0.8,0.9,0.9,1.4,2.7,13.2,,collijo01
130,Donte DiVincenzo,29,MIN,SG,45,45,31.9,4.4,10.7,.414,3.0,8.1,.375,1.4,2.6,.534,.556,1.2,1.6,.767,1.0,3.6,4.6,4.2,1.3,0.5,1.4,2.5,13.2,,divindo01
131,Noah Clowney,21,BRK,PF,43,36,28.8,4.0,10.3,.388,2.1,6.6,.319,1.9,3.7,.509,.490,3.0,3.8,.802,1.0,3.3,4.3,1.9,0.8,0.8,1.8,2.8,13.1,,clownno01
132,Bobby Portis,30,MIL,PF,44,6,23.7,5.2,10.8,.486,2.0,4.3,.465,3.3,6.5,.500,.578,0.7,0.9,.750,1.2,5.2,6.5,1.5,0.5,0.2,1.0,1.7,13.1,,portibo01
133,Reed Sheppard,21,HOU,SG,43,4,25.0,4.8,10.9,.440,2.5,6.2,.407,2.3,4.7,.485,.556,0.9,1.2,.769,0.3,2.1,2.5,3.1,1.4,0.5,1.2,2.0,13.1,,sheppre01
134,Toumani Camara,25,POR,PF,46,46,33.9,4.6,10.7,.431,2.5,7.1,.354,2.1,3.6,.585,.549,1.3,1.8,.711,1.7,3.3,5.1,2.7,1.0,0.5,2.0,3.2,13.0,,camarto01
135,Miles McBride,25,NYK,SG,34,14,28.0,4.5,10.3,.436,3.0,7.0,.426,1.5,3.4,.456,.580,1.0,1.3,.814,0.6,2.0,2.6,2.7,0.8,0.2,0.8,1.8,13.0,,mcbrimi01
136,Tre Johnson,19,WAS,SG,37,19,25.3,4.7,10.5,.444,2.2,5.6,.393,2.5,5.0,.500,.547,1.4,1.6,.881,0.5,2.3,2.8,2.2,0.6,0.3,1.5,1.8,12.9,,johnstr03
137,Nic Claxton,26,BRK,C,41,39,29.8,5.2,8.9,.584,0.0,0.3,.167,5.1,8.6,.598,.587,2.4,3.7,.647,2.6,4.9,7.5,4.0,0.7,1.4,1.4,2.2,12.8,,claxtni01
138,Dennis Schröder,32,SAC,PG,36,12,26.5,4.3,10.5,.414,1.4,4.1,.345,2.9,6.4,.459,.481,2.7,3.3,.815,0.5,2.6,3.1,5.4,0.8,0.1,1.9,1.7,12.8,,schrode01
139,Kyle Kuzma,30,MIL,PF,42,18,26.2,4.7,9.6,.493,0.9,2.9,.314,3.8,6.7,.569,.540,2.1,2.9,.730,0.9,3.7,4.6,2.2,0.6,0.5,1.5,2.2,12.5,,kuzmaky01
140,Tre Jones,26,CHI,PG,38,20,26.8,4.4,7.9,.550,0.6,1.7,.328,3.8,6.3,.609,.584,3.1,3.6,.848,0.6,2.3,3.0,5.8,1.3,0.2,1.4,1.4,12.4,,jonestr01
141,Derik Queen,21,NOP,C,46,34,26.0,4.8,9.8,.490,0.2,0.9,.190,4.6,8.8,.521,.499,2.6,3.3,.786,1.7,5.7,7.4,4.4,1.1,0.9,2.5,2.8,12.4,,queende01
142,Myles Turner,29,MIL,C,42,42,28.3,4.0,9.5,.426,2.2,5.7,.388,1.8,3.8,.484,.543,2.0,2.7,.761,1.2,4.2,5.4,1.6,0.6,1.6,1.0,2.7,12.4,,turnemy01
143,Brandon Williams,26,DAL,PG,40,11,22.2,4.4,9.7,.456,0.5,2.5,.190,3.9,7.2,.549,.481,3.2,4.0,.788,0.6,2.4,2.9,3.7,1.1,0.2,2.0,1.7,12.4,,willibr03
144,Malik Monk,27,SAC,SG,38,0,22.4,4.4,9.9,.444,2.0,4.7,.422,2.4,5.2,.465,.545,1.4,1.7,.859,0.3,1.7,2.0,2.5,0.7,0.3,1.4,1.6,12.3,,monkma01
145,Wendell Carter Jr.,26,ORL,C,42,42,30.0,4.3,8.5,.504,1.2,3.4,.347,3.1,5.1,.609,.574,2.4,3.1,.773,2.3,5.1,7.5,2.2,0.7,0.8,1.3,3.6,12.2,,cartewe01
146,Brandin Podziemski,22,GSW,SG,46,14,26.8,4.3,9.4,.463,1.8,4.6,.393,2.5,4.8,.529,.559,1.7,2.3,.736,0.7,3.8,4.4,3.4,1.1,0.2,1.4,1.9,12.2,,podzibr01
147,Rui Hachimura,27,LAL,PF,34,27,30.5,4.7,9.5,.500,1.8,4.2,.427,2.9,5.3,.559,.595,0.9,1.1,.769,0.8,2.9,3.6,0.9,0.6,0.3,0.8,1.7,12.1,,hachiru01
148,Jonathan Kuminga,23,GSW,PF,20,13,23.8,4.4,9.7,.454,0.9,2.7,.321,3.6,7.1,.504,.497,2.5,3.3,.742,1.5,4.4,5.9,2.5,0.4,0.3,2.3,1.7,12.1,,kuminjo01
149,Duncan Robinson,31,DET,SF,41,41,28.9,4.0,9.2,.438,2.9,7.3,.403,1.1,1.9,.570,.597,1.1,1.6,.734,0.4,2.4,2.8,1.9,0.7,0.4,0.7,2.2,12.1,,robindu01
150,Cam Spencer,25,MEM,SG,42,11,23.8,3.9,8.1,.484,2.3,5.0,.464,1.6,3.1,.515,.627,1.9,2.0,.919,0.5,2.3,2.7,5.5,0.7,0.1,1.5,1.6,12.0,,spencca01
151,Mark Williams,24,PHO,C,40,36,23.9,4.7,7.2,.652,0.0,0.0,1.000,4.7,7.2,.650,.653,2.6,3.4,.784,3.2,5.0,8.2,1.0,1.1,1.0,1.1,2.3,12.0,,willima07
152,Josh Hart,30,NYK,SF,34,19,30.5,4.5,9.1,.497,1.6,3.9,.398,2.9,5.1,.571,.583,1.4,1.8,.742,1.7,6.1,7.8,5.2,1.2,0.3,2.1,2.6,11.9,,hartjo01
153,Jaylen Wells,22,MEM,SG,43,43,27.0,4.1,10.0,.405,1.7,5.2,.326,2.4,4.8,.490,.490,2.0,2.6,.777,1.0,2.5,3.5,1.7,0.9,0.1,1.2,2.0,11.9,,wellsja01
154,Jalen Green,23,PHO,SG,4,2,13.5,4.0,9.3,.432,2.0,4.8,.421,2.0,4.5,.444,.541,1.8,2.3,.778,0.5,1.3,1.8,2.0,0.5,0.0,1.3,0.8,11.8,,greenja05
155,Julian Champagnie,24,SAS,SF,45,31,28.7,3.8,8.8,.427,2.6,6.8,.379,1.2,2.0,.587,.573,1.6,1.9,.826,1.0,5.2,6.2,1.5,0.9,0.4,1.0,1.6,11.7,,champju02
156,Tari Eason,24,HOU,PF,23,9,23.7,4.5,9.4,.475,2.1,4.5,.466,2.4,5.0,.482,.585,0.7,1.1,.615,2.0,4.1,6.1,1.6,1.3,0.6,1.7,2.0,11.7,,easonta01
157,Cameron Johnson,29,DEN,SF,28,28,30.6,4.0,8.8,.461,1.9,4.5,.429,2.1,4.3,.496,.571,1.7,2.1,.810,0.7,2.9,3.6,2.4,0.6,0.3,1.0,2.3,11.7,,johnsca02
158,Brice Sensabaugh,22,UTA,SF,43,9,21.0,4.1,9.2,.449,1.7,5.0,.330,2.5,4.2,.592,.539,1.9,2.1,.870,0.8,2.2,3.0,1.5,0.7,0.1,1.2,1.7,11.7,,sensabr01
159,Klay Thompson,35,DAL,SF,43,8,22.0,4.1,10.6,.389,2.9,7.7,.380,1.2,2.9,.416,.527,0.5,0.8,.697,0.3,2.2,2.5,1.4,0.5,0.3,0.9,1.0,11.7,,thompkl01
160,Dyson Daniels,22,ATL,SG,45,45,34.2,5.1,10.3,.498,0.2,1.4,.109,5.0,8.9,.560,.505,1.1,1.8,.622,2.2,4.5,6.7,6.2,1.8,0.4,2.1,2.2,11.6,,daniedy01
161,Jock Landale,30,MEM,C,41,21,23.1,4.5,8.6,.525,1.1,2.9,.398,3.4,5.8,.589,.592,1.4,2.1,.671,3.1,3.4,6.5,1.7,0.5,0.5,1.0,2.4,11.6,,landajo01
162,Kel'el Ware,21,MIA,C,43,27,23.8,4.6,8.5,.540,1.2,2.9,.415,3.4,5.7,.602,.609,1.2,1.5,.815,3.2,6.6,9.8,0.6,0.9,1.1,1.0,1.6,11.6,,wareke01
163,Donovan Clingan,21,POR,C,42,42,27.4,4.3,8.1,.535,0.9,2.9,.311,3.4,5.2,.661,.591,1.7,2.5,.670,4.4,6.5,10.9,1.9,0.5,1.2,1.0,2.4,11.3,,clingdo01
164,Kevin Huerter,27,CHI,SF,40,10,23.8,4.3,9.3,.464,1.6,5.1,.319,2.7,4.2,.639,.551,1.0,1.3,.769,0.5,3.2,3.7,2.6,0.8,0.6,1.2,2.0,11.3,,huertke01
165,Caleb Love,24,POR,SG,38,1,22.4,4.2,10.6,.394,2.1,6.4,.333,2.0,4.2,.487,.495,0.8,1.1,.744,0.6,2.2,2.7,2.6,0.6,0.1,1.3,1.2,11.3,,loveca01
166,De'Anthony Melton,27,GSW,PG,20,0,20.9,4.1,9.4,.433,1.4,4.5,.303,2.7,4.9,.551,.505,1.9,2.4,.787,0.6,2.1,2.7,2.0,1.4,0.6,1.5,2.3,11.3,,meltode01
167,Isaiah Hartenstein,27,OKC,C,24,24,26.9,4.8,7.5,.644,0.0,0.2,.000,4.8,7.3,.659,.644,1.5,2.4,.649,3.4,7.0,10.4,3.0,1.1,0.8,2.1,2.9,11.2,,harteis01
168,Sandro Mamukelashvili,26,TOR,C,45,10,22.1,4.3,8.0,.530,1.3,3.5,.380,2.9,4.5,.647,.613,1.3,1.7,.744,1.6,3.6,5.1,2.0,0.7,0.6,0.8,1.8,11.2,,mamuksa01
169,Jusuf Nurkić,31,UTA,C,36,31,26.5,4.6,9.0,.508,0.6,1.7,.355,3.9,7.3,.544,.542,1.5,2.7,.551,2.6,7.6,10.2,5.0,1.3,0.5,2.4,3.3,11.2,,nurkiju01
170,Zaccharie Risacher,20,ATL,SF,36,36,24.6,4.3,9.4,.462,1.6,4.4,.358,2.8,5.0,.553,.546,0.9,1.5,.642,0.9,2.4,3.3,1.4,0.9,0.5,0.9,2.2,11.2,,risacza01
171,Rudy Gobert,33,MIN,C,43,43,31.7,4.5,6.3,.716,0.0,0.0,.000,4.5,6.3,.719,.716,1.9,3.8,.506,3.9,7.5,11.3,1.8,0.7,1.7,1.3,2.8,11.0,,goberru01
172,Ace Bailey,19,UTA,SF,39,28,24.6,4.4,9.8,.450,1.4,4.2,.340,3.0,5.6,.532,.522,0.7,0.9,.722,1.5,1.9,3.5,1.6,0.7,0.4,1.3,2.5,10.9,,baileac01
173,Ausar Thompson,23,DET,SF,39,38,25.9,4.4,8.7,.510,0.1,0.5,.263,4.3,8.2,.525,.518,1.9,3.3,.574,2.2,3.8,6.0,2.6,1.7,0.8,1.5,2.9,10.9,,thompau01
174,Harrison Barnes,33,SAS,PF,45,45,28.2,3.7,8.5,.432,1.8,5.2,.358,1.8,3.4,.546,.540,1.5,1.7,.870,0.8,2.2,3.0,2.1,0.7,0.2,1.0,1.3,10.7,,barneha02
175,Moses Moody,23,GSW,SG,44,33,24.4,3.6,8.4,.430,2.2,5.6,.394,1.4,2.8,.500,.561,1.3,1.6,.797,0.8,2.2,3.0,1.5,0.9,0.6,0.9,2.0,10.7,,moodymo01
176,A.J. Green,26,MIL,SG,40,40,29.5,3.4,7.7,.445,3.1,7.0,.437,0.4,0.7,.517,.643,0.6,0.8,.800,0.2,2.4,2.6,2.0,0.6,0.1,0.9,2.5,10.5,,greenaj01
177,Moritz Wagner,28,ORL,C,4,0,13.0,3.5,7.0,.500,1.0,3.0,.333,2.5,4.0,.625,.571,2.5,2.5,1.000,0.3,3.0,3.3,0.8,0.8,0.0,1.0,2.0,10.5,,wagnemo01
178,Dylan Harper,19,SAS,SG,35,0,21.3,4.1,9.4,.436,0.6,2.6,.242,3.5,6.8,.510,.470,1.5,2.0,.746,0.7,2.5,3.2,3.5,0.9,0.3,1.4,1.9,10.4,,harpedy01
179,Derrick Jones Jr.,28,LAC,SF,17,13,24.2,3.8,6.9,.556,1.3,3.2,.400,2.5,3.6,.694,.650,1.4,1.8,.774,0.9,1.8,2.6,1.2,0.8,1.1,0.8,2.1,10.4,,jonesde02
180,Aaron Wiggins,27,OKC,SG,31,11,23.2,3.9,8.7,.454,1.8,4.7,.390,2.1,4.0,.528,.559,0.7,0.9,.724,0.6,2.8,3.4,1.7,0.8,0.6,1.1,1.5,10.4,,wiggiaa01
181,Royce O'Neale,32,PHO,SF,45,40,29.3,3.6,8.4,.431,2.9,6.9,.417,0.7,1.5,.493,.602,0.3,0.4,.632,0.7,4.3,5.0,2.9,1.2,0.3,1.6,2.2,10.3,,onealro01
182,Egor Dёmin,19,BRK,PG,38,30,24.5,3.5,8.6,.404,2.4,6.1,.400,1.1,2.6,.412,.544,0.8,1.0,.838,0.5,2.5,3.0,3.4,0.9,0.3,1.7,1.8,10.2,,demineg01
183,Neemias Queta,26,BOS,C,43,42,24.9,4.3,6.6,.650,0.0,0.1,.000,4.3,6.5,.662,.650,1.6,2.4,.663,3.0,5.1,8.0,1.3,0.9,1.3,0.9,2.8,10.2,,quetane01
184,D'Angelo Russell,29,DAL,PG,26,3,19.0,3.6,8.9,.405,1.3,4.3,.295,2.3,4.6,.508,.476,1.7,2.3,.717,0.3,2.0,2.3,4.0,0.5,0.1,1.9,1.2,10.2,,russeda01
185,Isaiah Stewart,24,DET,C,39,11,23.5,3.9,7.3,.535,0.8,2.4,.347,3.1,4.9,.628,.593,1.5,2.0,.747,1.8,3.8,5.6,1.2,0.3,1.9,1.3,3.0,10.2,,stewais01
186,Bilal Coulibaly,21,WAS,SG,25,25,26.6,3.3,8.4,.392,1.0,3.5,.273,2.3,4.8,.479,.450,2.6,3.4,.765,0.9,3.8,4.7,2.5,1.4,0.9,1.6,2.9,10.1,,coulibi01
187,Marcus Smart,31,LAL,SG,35,28,28.6,3.3,8.1,.406,1.7,5.1,.328,1.6,3.0,.538,.509,1.9,2.1,.867,0.7,2.4,3.1,2.9,1.3,0.4,1.8,2.8,10.1,,smartma01
188,Marvin Bagley III,26,WAS,PF,36,7,19.3,4.0,6.4,.619,0.2,0.5,.389,3.8,5.9,.638,.634,1.8,2.6,.710,2.6,3.1,5.7,1.5,0.5,0.7,1.2,2.1,10.0,,baglema01
189,Bub Carrington,20,WAS,PG,44,17,28.6,3.4,8.5,.400,2.1,5.2,.405,1.3,3.4,.392,.523,1.0,1.3,.754,0.5,3.4,3.8,4.7,0.6,0.3,2.3,2.4,9.9,,carrica01
190,Khris Middleton,34,WAS,SF,30,30,24.5,3.6,8.6,.422,0.9,2.9,.314,2.7,5.7,.477,.475,1.6,2.0,.831,1.0,3.0,4.0,3.2,0.8,0.3,1.6,2.7,9.8,,middlkh01
191,Jalen Smith,25,CHI,C,38,8,19.6,3.6,7.6,.470,1.5,4.1,.359,2.1,3.4,.603,.568,1.2,1.6,.738,1.9,5.0,6.9,1.3,0.4,0.9,0.9,2.0,9.8,,smithja04
192,Zach Collins,28,CHI,C,10,0,18.4,3.7,6.4,.578,0.9,2.1,.429,2.8,4.3,.651,.648,1.4,2.0,.700,1.6,4.0,5.6,1.5,0.2,0.4,1.0,1.8,9.7,,colliza01
193,Pelle Larsson,24,MIA,SG,38,25,23.2,3.5,7.2,.480,0.9,2.9,.321,2.5,4.3,.589,.545,1.8,2.4,.747,0.8,2.1,2.8,3.3,0.5,0.2,0.9,1.9,9.7,,larsspe01
194,Jakob Poeltl,30,TOR,C,21,21,25.3,4.2,6.0,.693,0.0,0.0,,4.2,6.0,.693,.693,1.3,2.2,.596,2.7,5.0,7.7,2.1,0.8,0.5,1.6,3.1,9.7,,poeltja01
195,Maxime Raynaud,22,SAC,C,38,24,23.0,4.2,7.7,.541,0.2,0.8,.300,3.9,6.9,.569,.557,1.2,1.7,.714,1.8,4.7,6.4,1.1,0.4,0.5,0.9,2.5,9.7,,raynama01
196,T.J. McConnell,33,IND,PG,33,0,17.2,4.5,8.4,.529,0.3,1.1,.314,4.1,7.4,.560,.549,0.4,0.4,.923,0.5,1.8,2.2,4.9,1.2,0.2,1.2,1.2,9.6,,mccontj01
197,Jarace Walker,22,IND,PF,46,14,23.4,3.2,8.4,.381,1.6,4.4,.363,1.6,4.1,.401,.476,1.6,2.1,.768,0.4,3.8,4.2,1.9,0.7,0.3,1.5,1.7,9.6,,walkeja02
198,Christian Braun,24,DEN,SG,14,14,28.9,3.6,7.9,.459,0.5,2.4,.212,3.1,5.6,.564,.491,1.7,2.3,.750,1.4,2.8,4.2,2.5,0.6,0.4,1.2,2.1,9.5,,braunch01
199,Jordan Clarkson,33,NYK,SG,44,0,19.5,3.5,8.3,.425,1.3,4.0,.330,2.2,4.3,.513,.504,1.1,1.4,.778,0.8,1.0,1.8,1.3,0.5,0.1,1.1,1.9,9.5,,clarkjo01
200,Isaiah Joe,26,OKC,SG,37,1,19.9,2.9,6.7,.437,2.2,5.4,.398,0.8,1.2,.609,.599,1.5,1.7,.859,0.5,2.1,2.5,1.3,0.5,0.2,0.6,1.7,9.5,,joeis01
201,Jake LaRavia,24,LAL,PF,44,23,27.3,3.4,7.4,.463,1.2,3.5,.344,2.2,3.9,.571,.545,1.5,2.0,.753,1.5,2.7,4.3,2.0,1.3,0.5,1.1,2.2,9.5,,laravja01
202,Ziaire Williams,24,BRK,SF,32,4,22.8,3.0,7.4,.407,1.6,5.2,.305,1.4,2.2,.652,.515,1.9,2.2,.871,0.6,2.0,2.5,0.6,1.1,0.5,1.0,2.0,9.5,,willizi02
203,Kyle Filipowski,22,UTA,C,45,15,22.2,3.5,7.5,.466,0.8,2.6,.316,2.7,4.9,.545,.521,1.5,2.1,.708,1.6,4.5,6.1,2.0,0.7,0.4,1.2,2.8,9.3,,filipky01
204,Vit Krejci,25,ATL,PG,43,7,23.0,3.2,6.9,.461,2.3,5.4,.425,0.9,1.5,.594,.628,0.6,0.8,.750,0.4,1.7,2.1,1.6,0.8,0.3,0.7,2.4,9.3,,krejcvi01
205,Landry Shamet,28,NYK,SG,20,6,20.4,2.9,6.2,.460,2.0,4.6,.435,0.9,1.6,.531,.621,1.6,2.1,.762,0.4,1.5,1.9,1.2,0.5,0.3,0.5,1.2,9.3,,shamela01
206,Tristan Da Silva,24,ORL,SF,39,14,22.9,3.4,7.9,.435,1.5,4.0,.374,1.9,3.9,.497,.529,0.8,1.0,.842,0.8,2.7,3.5,1.1,0.8,0.2,0.9,1.3,9.2,,dasiltr01
207,Cam Whitmore,21,WAS,SF,21,0,16.9,3.7,8.0,.456,0.8,2.7,.286,2.9,5.4,.540,.503,1.1,1.5,.742,0.9,1.9,2.8,0.7,0.7,0.4,0.9,1.2,9.2,,whitmca01
208,Isaiah Collier,21,UTA,PG,38,5,23.3,3.4,6.6,.512,0.5,1.4,.340,2.9,5.2,.558,.548,1.8,2.8,.654,0.4,2.0,2.4,6.6,0.7,0.3,2.3,2.3,9.1,,colliis01
209,Sam Hauser,28,BOS,PF,44,16,23.5,3.1,7.5,.421,2.7,6.6,.405,0.5,0.9,.538,.599,0.2,0.2,.900,0.7,3.0,3.7,1.4,0.6,0.3,0.6,1.3,9.1,,hausesa01
210,Herbert Jones,27,NOP,SF,24,24,28.2,3.3,8.6,.388,1.3,4.1,.323,2.0,4.5,.449,.466,1.1,1.3,.813,1.0,2.5,3.5,2.4,1.7,0.4,1.3,3.3,9.1,,joneshe01
211,Davion Mitchell,27,MIA,PG,40,40,29.2,3.6,7.6,.470,1.2,2.9,.400,2.4,4.7,.513,.546,0.7,1.1,.651,0.4,2.2,2.6,7.2,1.2,0.1,1.7,2.7,9.0,,mitchda01
212,Corey Kispert,26,2TM,SF,26,5,19.0,3.0,6.4,.467,1.5,4.1,.377,1.5,2.3,.623,.587,1.4,1.8,.783,0.4,1.9,2.3,1.6,0.5,0.1,0.8,1.0,8.9,,kispeco01
212,Corey Kispert,26,WAS,SF,19,2,19.5,3.1,6.3,.496,1.6,4.0,.395,1.5,2.3,.674,.622,1.4,1.8,.765,0.3,2.0,2.3,1.7,0.4,0.2,0.7,1.1,9.2,,kispeco01
212,Corey Kispert,26,ATL,SF,7,3,17.7,2.7,6.9,.396,1.4,4.3,.333,1.3,2.6,.500,.500,1.4,1.7,.833,0.6,1.7,2.3,1.3,0.7,0.0,1.0,0.9,8.3,,kispeco01
213,Svi Mykhailiuk,28,UTA,SF,39,39,24.2,3.3,6.9,.476,1.7,4.5,.386,1.6,2.4,.642,.601,0.5,0.6,.913,0.7,1.8,2.6,1.9,0.5,0.1,0.8,1.3,8.9,,mykhasv01
214,Jordan Goodwin,27,PHO,PG,42,2,21.5,3.4,8.3,.405,1.5,4.3,.344,1.9,4.0,.470,.494,0.6,0.8,.735,1.9,2.8,4.6,2.3,1.4,0.2,1.1,1.7,8.8,,goodwjo01
215,Simone Fontecchio,30,MIA,SF,43,1,16.9,2.8,7.0,.405,1.8,4.9,.376,1.0,2.1,.472,.537,1.2,1.5,.810,0.7,2.3,3.1,1.4,0.5,0.1,0.8,1.5,8.7,,fontesi01
216,Draymond Green,35,GSW,PF,38,38,26.7,3.2,7.4,.426,1.4,4.4,.331,1.7,3.1,.560,.523,0.9,1.3,.694,0.8,5.0,5.8,5.2,0.9,0.7,2.8,3.2,8.7,,greendr01
217,Ryan Kalkbrenner,24,CHO,C,34,26,24.2,3.7,4.8,.778,0.0,0.1,.000,3.7,4.7,.788,.778,1.3,1.8,.694,2.4,3.8,6.2,0.6,0.6,1.5,1.0,1.7,8.7,,kalkbry01
218,Jonas Valančiūnas,33,DEN,C,34,2,13.5,3.6,6.1,.585,0.1,0.4,.231,3.5,5.7,.608,.592,1.5,1.9,.785,1.4,3.4,4.8,1.3,0.2,0.6,1.1,2.1,8.7,,valanjo01
219,Isaac Okoro,25,CHI,SG,37,37,25.1,3.2,6.7,.474,1.1,3.2,.333,2.1,3.6,.598,.552,1.1,1.5,.764,1.1,1.6,2.8,1.4,0.6,0.5,0.6,2.6,8.6,,okorois01
220,Nikola Jović,22,MIA,PF,35,1,19.0,2.8,7.3,.377,1.1,3.9,.294,1.6,3.5,.471,.455,1.8,2.5,.708,0.6,3.1,3.7,2.7,0.7,0.4,1.7,1.6,8.5,,jovicni01
221,Luguentz Dort,26,OKC,SF,36,36,27.2,3.0,7.6,.393,1.9,5.5,.338,1.1,2.1,.541,.517,0.6,0.7,.880,0.8,2.9,3.7,1.1,0.9,0.6,0.7,3.0,8.4,,dortlu01
222,Jay Huff,27,IND,C,46,26,19.5,3.1,6.6,.469,1.3,4.3,.316,1.8,2.4,.743,.570,0.9,1.0,.833,1.0,2.7,3.7,1.3,0.5,2.0,0.8,2.4,8.4,,huffja01
223,Jaden Ivey,23,DET,SG,28,2,17.0,3.1,6.7,.460,1.2,3.3,.366,1.9,3.4,.553,.551,1.0,1.3,.778,0.5,1.6,2.1,1.7,0.5,0.4,1.0,1.4,8.4,,iveyja01
224,Jordan Miller,26,LAC,SF,23,0,18.3,2.8,5.5,.516,0.8,2.1,.396,2.0,3.4,.590,.591,1.9,2.3,.830,0.8,2.1,3.0,1.6,0.7,0.2,1.0,1.0,8.4,,millejo02
225,Ron Holland,20,DET,SF,41,5,20.9,3.0,7.3,.418,0.6,2.6,.243,2.4,4.7,.516,.462,1.6,2.1,.776,1.1,3.3,4.4,1.4,1.4,0.4,1.4,2.2,8.3,,hollaro01
226,Gary Trent Jr.,27,MIL,SG,40,17,24.2,2.8,7.5,.378,1.9,5.4,.356,0.9,2.1,.434,.507,0.7,0.8,.818,0.1,1.1,1.2,1.6,0.7,0.1,0.6,1.4,8.3,,trentga02
227,Bradley Beal,32,LAC,SG,6,6,20.2,3.0,8.0,.375,1.2,3.2,.368,1.8,4.8,.379,.448,1.0,1.3,.750,0.3,0.5,0.8,1.7,0.5,0.0,1.5,2.3,8.2,,bealbr01
228,Kentavious Caldwell-Pope,32,MEM,SG,42,13,21.0,2.8,7.0,.401,1.2,3.5,.336,1.6,3.5,.469,.486,1.4,1.5,.935,0.4,2.1,2.5,2.9,0.8,0.2,1.2,1.0,8.2,,caldwke01
229,Luke Kornet,30,SAS,C,36,22,24.3,3.2,4.8,.667,0.0,0.0,,3.2,4.8,.667,.667,1.8,2.2,.821,3.0,3.8,6.8,2.0,0.4,1.3,0.5,2.1,8.2,,kornelu01
230,Moussa Diabaté,24,CHO,C,42,16,24.5,3.0,4.8,.626,0.0,0.0,,3.0,4.8,.626,.626,2.0,3.0,.664,3.6,4.7,8.3,1.4,0.7,1.0,0.9,2.6,8.1,,diabamo01
231,Dominick Barlow,22,PHI,PF,34,29,23.9,3.2,5.8,.551,0.4,1.5,.269,2.8,4.2,.653,.587,1.3,1.6,.768,2.1,2.9,5.0,1.3,0.9,0.7,0.9,2.1,8.0,,barlodo01
232,Bogdan Bogdanović,33,LAC,SG,16,3,22.5,2.8,7.3,.376,1.5,4.5,.333,1.3,2.8,.444,.479,1.0,1.2,.842,0.3,2.6,2.9,2.7,0.5,0.1,1.2,2.5,8.0,,bogdabo01
233,Buddy Hield,33,GSW,SG,39,3,16.9,2.9,6.6,.441,1.6,4.4,.357,1.3,2.2,.612,.561,0.7,0.7,.929,0.6,1.8,2.4,1.4,0.8,0.2,0.9,1.2,8.0,,hieldbu01
234,Quinten Post,25,GSW,PF,46,31,17.8,3.0,6.8,.441,1.5,4.4,.348,1.5,2.4,.615,.554,0.4,0.5,.792,1.0,3.0,4.0,1.4,0.5,0.5,0.8,2.0,8.0,,postqu01
235,Jose Alvarado,27,NOP,PG,35,0,22.2,2.9,6.8,.424,1.6,4.4,.361,1.3,2.4,.542,.542,0.5,0.7,.826,0.4,2.4,2.8,3.3,1.0,0.1,1.3,2.1,7.9,,alvarjo01
236,Kris Dunn,31,LAC,PG,44,38,27.5,3.0,6.1,.487,1.1,2.9,.372,1.9,3.2,.593,.576,0.9,1.1,.792,0.8,2.1,2.9,3.2,1.5,0.2,1.3,2.4,7.9,,dunnkr01
237,Caris LeVert,31,DET,SG,31,0,19.7,2.8,6.6,.431,1.1,3.2,.340,1.7,3.4,.519,.515,1.2,1.7,.679,0.3,1.5,1.8,2.8,0.9,0.6,1.4,1.5,7.9,,leverca01
238,Daniss Jenkins,24,DET,PG,35,7,16.3,2.8,6.5,.429,1.0,2.6,.396,1.7,3.9,.452,.509,1.2,1.5,.792,0.5,1.2,1.7,3.3,1.0,0.2,1.5,1.3,7.8,,jenkida01
239,Luke Kennard,29,ATL,SG,41,0,20.4,2.8,5.2,.528,1.6,3.3,.481,1.2,1.9,.608,.680,0.7,0.7,.933,0.4,1.7,2.1,2.2,0.8,0.0,0.8,1.2,7.8,,kennalu01
240,Tre Mann,24,CHO,PG,28,1,16.9,3.0,8.0,.372,1.3,4.1,.322,1.6,3.9,.426,.455,0.5,0.6,.882,0.7,1.8,2.4,2.3,0.5,0.1,1.4,1.8,7.8,,manntr01
241,Collin Murray-Boyles,20,TOR,PF,37,13,21.5,3.2,6.0,.536,0.4,1.2,.349,2.8,4.8,.581,.570,0.9,1.4,.642,2.5,2.6,5.1,2.0,0.9,0.7,1.1,2.6,7.8,,murraco01
242,Day'Ron Sharpe,24,BRK,C,41,3,18.1,3.0,5.0,.603,0.1,0.7,.200,2.9,4.2,.672,.618,1.7,2.5,.676,2.4,3.8,6.2,2.3,1.0,0.4,1.6,2.2,7.8,,sharpda01
243,Tyrese Martin,26,BRK,SG,34,6,19.3,2.9,7.0,.408,1.5,4.1,.355,1.4,2.9,.485,.513,0.6,0.8,.731,0.9,1.9,2.9,2.0,0.6,0.1,0.9,0.9,7.7,,martity01
244,Precious Achiuwa,26,SAC,C,39,25,20.9,3.1,6.1,.515,0.4,1.2,.333,2.7,4.9,.557,.546,0.9,1.8,.529,1.9,3.7,5.6,1.2,0.8,0.6,0.6,1.7,7.6,,achiupr01
245,Jamaree Bouyea,26,PHO,PG,19,0,14.7,3.1,5.5,.562,0.8,2.1,.410,2.3,3.5,.652,.638,0.6,0.8,.688,0.5,1.5,2.1,1.7,0.6,0.4,0.4,0.7,7.6,,bouyeja01
246,Daniel Gafford,27,DAL,C,30,20,20.6,2.9,4.7,.624,0.0,0.0,,2.9,4.7,.624,.624,1.8,2.3,.768,1.9,4.4,6.3,0.8,0.8,1.3,1.3,2.6,7.6,,gaffoda01
247,Luka Garza,27,BOS,C,37,1,16.5,2.8,4.7,.586,0.7,1.5,.455,2.1,3.2,.647,.658,1.4,1.7,.813,2.4,1.9,4.2,1.0,0.4,0.5,0.5,2.6,7.6,,garzalu01
248,Terance Mann,29,BRK,SG,38,35,25.4,2.8,6.2,.447,0.8,2.5,.337,1.9,3.7,.521,.515,1.2,1.5,.821,1.3,2.1,3.3,3.7,0.8,0.3,1.1,2.6,7.6,,mannte01
249,Bryce McGowens,23,NOP,SG,29,11,19.4,2.5,5.3,.477,0.8,1.9,.436,1.7,3.4,.500,.556,1.8,2.3,.761,0.3,1.7,2.0,1.3,0.6,0.1,0.5,1.9,7.6,,mcgowbr01
250,Danny Wolf,21,BRK,PF,29,4,19.1,2.7,6.8,.399,1.1,3.1,.367,1.6,3.7,.426,.482,1.0,1.2,.824,1.0,3.2,4.2,1.8,0.6,0.4,1.0,1.7,7.6,,wolfda01
251,Vince Williams Jr.,25,MEM,PG,29,11,21.6,2.6,7.5,.346,1.3,4.5,.298,1.2,3.0,.419,.435,1.0,1.2,.829,0.8,3.2,4.0,4.6,0.7,0.4,1.9,2.0,7.5,,willivi01
252,Cason Wallace,22,OKC,SG,44,35,26.6,2.8,6.7,.412,1.4,3.8,.365,1.4,2.9,.472,.515,0.5,0.7,.733,0.8,2.3,3.1,2.1,2.1,0.2,0.9,2.0,7.4,,wallaca01
253,Justin Champagnie,24,WAS,SF,42,10,18.8,2.9,5.6,.513,0.6,2.0,.313,2.2,3.6,.623,.568,0.9,1.3,.736,2.1,3.6,5.7,1.1,0.8,0.6,0.6,1.6,7.3,,champju01
254,Quenton Jackson,27,IND,PG,22,9,15.8,2.4,5.4,.437,0.8,2.1,.370,1.6,3.3,.479,.508,1.8,2.3,.784,0.5,1.4,2.0,1.9,0.6,0.2,1.2,1.7,7.3,,jacksqu01
255,Kyle Anderson,32,UTA,SF,17,0,19.7,2.9,5.6,.521,0.1,0.2,.500,2.8,5.4,.522,.531,1.2,1.9,.606,0.9,2.4,3.4,2.7,1.2,0.5,0.9,2.2,7.2,,anderky01
256,Bruce Brown,29,DEN,SG,46,2,24.4,2.8,6.2,.453,0.5,1.4,.323,2.4,4.8,.491,.490,1.0,1.3,.774,1.2,2.9,4.1,2.2,1.0,0.2,1.0,2.4,7.2,,brownbr01
257,Javonte Green,32,DET,SG,43,4,19.3,2.5,5.5,.447,1.1,3.0,.366,1.3,2.5,.547,.549,1.1,1.5,.754,0.7,2.0,2.7,0.8,1.4,0.4,0.7,1.5,7.2,,greenja02
258,GG Jackson II,21,MEM,PF,23,3,15.7,2.7,5.7,.466,0.8,2.7,.302,1.8,3.0,.618,.538,1.0,1.4,.750,0.4,2.4,2.8,0.7,0.7,0.5,1.0,1.6,7.2,,jacksgg01
259,Ryan Nembhard,22,DAL,PG,33,17,19.8,3.0,6.7,.450,0.9,2.4,.397,2.1,4.3,.479,.520,0.3,0.4,.769,0.2,1.7,1.9,5.1,0.2,0.0,1.5,1.4,7.2,,nembhry01
260,Jamal Shead,23,TOR,PG,47,7,22.3,2.4,6.6,.366,1.2,3.6,.333,1.2,3.0,.404,.456,1.2,1.5,.789,0.4,1.5,1.9,5.6,1.0,0.1,1.3,2.1,7.2,,sheadja01
261,Walter Clayton,22,UTA,PG,41,0,18.4,2.3,5.8,.407,1.0,3.2,.308,1.3,2.5,.534,.494,1.4,1.5,.950,0.3,1.7,2.0,3.3,0.6,0.2,1.2,1.8,7.1,,claytwa01
262,Andre Drummond,32,PHI,C,35,16,20.0,2.7,5.5,.497,0.5,1.3,.362,2.3,4.2,.541,.541,1.1,1.7,.655,3.4,5.5,9.0,0.8,0.5,0.9,0.9,2.0,7.1,,drumman01
263,Kevin Love,37,UTA,PF,25,4,17.3,2.3,5.7,.399,1.4,4.0,.360,0.8,1.7,.488,.524,1.1,1.3,.818,1.7,3.9,5.6,1.8,0.3,0.3,0.8,1.8,7.1,,loveke01
264,Seth Curry,35,GSW,SG,2,0,16.0,3.0,4.5,.667,1.0,2.0,.500,2.0,2.5,.800,.778,0.0,0.0,,0.5,1.5,2.0,1.5,1.0,0.0,0.0,1.5,7.0,,curryse01
265,Micah Potter,27,IND,C,15,2,17.5,2.0,4.5,.441,1.1,3.1,.362,0.9,1.4,.619,.566,1.9,2.0,.933,0.9,3.1,3.9,1.4,0.3,0.3,0.7,1.5,7.0,,pottemi01
266,TyTy Washington Jr.,24,LAC,PG,2,0,11.0,3.0,4.5,.667,1.0,2.0,.500,2.0,2.5,.800,.778,0.0,0.0,,0.0,0.5,0.5,1.5,1.0,0.5,0.0,0.0,7.0,,washity02
267,Cole Anthony,25,MIL,PG,31,0,15.1,2.9,6.5,.448,0.6,2.0,.323,2.3,4.5,.504,.498,0.4,0.7,.591,0.4,2.1,2.5,3.6,0.6,0.3,1.9,2.1,6.9,,anthoco01
268,Jaden Hardy,23,DAL,SG,31,4,12.3,2.3,5.8,.398,1.4,3.7,.371,0.9,2.1,.446,.517,0.9,1.1,.800,0.4,1.0,1.4,0.8,0.2,0.1,0.8,1.3,6.9,,hardyja02
269,Will Richard,23,GSW,SG,41,15,19.1,2.5,5.1,.486,1.1,3.1,.365,1.3,2.0,.671,.596,0.9,1.0,.814,1.0,1.5,2.5,1.3,1.1,0.1,0.8,1.9,6.9,,richawi02
270,Tristan Vukcevic,22,WAS,C,30,2,11.4,2.3,5.1,.455,0.4,2.0,.200,1.9,3.1,.617,.494,1.8,2.4,.764,0.6,1.8,2.4,1.0,0.3,0.7,1.0,1.2,6.9,,vukcetr01
271,Al Horford,39,GSW,C,26,1,19.6,2.4,6.2,.391,1.5,4.4,.351,0.9,1.8,.489,.516,0.4,0.4,1.000,0.9,4.0,5.0,2.0,0.8,1.0,1.0,1.2,6.8,,horfoal01
272,Kobe Sanders,23,LAC,SG,36,8,20.7,2.4,5.5,.442,1.0,2.6,.389,1.4,2.8,.490,.536,0.9,1.0,.865,0.4,1.9,2.4,1.5,0.6,0.1,1.3,2.1,6.8,,sandeko01
273,Gradey Dick,22,TOR,SG,47,1,16.5,2.3,5.5,.425,0.9,3.0,.309,1.4,2.6,.558,.508,1.1,1.3,.847,0.6,1.6,2.2,0.7,0.7,0.1,0.5,1.5,6.7,,dickgr01
274,Isaiah Jackson,24,IND,C,33,14,17.2,2.7,4.6,.583,0.0,0.0,.000,2.7,4.5,.587,.583,1.4,2.0,.708,2.4,3.2,5.6,0.8,0.6,0.7,1.2,2.8,6.7,,jacksis01
275,Patrick Williams,24,CHI,PF,41,1,18.3,2.3,5.9,.387,1.3,3.2,.408,1.0,2.8,.363,.496,0.7,1.0,.683,0.6,2.3,2.9,1.1,0.7,0.2,0.9,1.2,6.6,,willipa01
276,Tidjane Salaün,20,CHO,PF,29,0,16.4,2.4,4.6,.515,1.0,2.3,.441,1.3,2.3,.591,.627,0.7,1.0,.700,0.8,3.6,4.3,0.9,0.4,0.2,0.7,1.6,6.5,,salauti01
277,Ryan Dunn,23,PHO,SF,38,11,20.8,2.6,5.7,.452,0.8,2.6,.313,1.8,3.1,.568,.523,0.5,0.7,.692,1.6,2.9,4.5,1.7,0.9,0.5,1.0,2.4,6.4,,dunnry01
278,Bones Hyland,25,MIN,PG,36,3,13.6,2.3,5.2,.447,1.1,3.2,.353,1.2,2.0,.597,.556,0.6,0.9,.719,0.2,1.1,1.3,2.5,0.5,0.3,0.8,1.6,6.4,,hylanbo01
279,Brook Lopez,37,LAC,C,37,7,16.9,2.2,6.0,.362,1.4,4.4,.327,0.7,1.6,.458,.482,0.6,0.7,.846,0.4,2.2,2.6,0.9,0.5,1.0,0.8,1.6,6.4,,lopezbr01
280,Drake Powell,20,BRK,SG,32,6,19.2,2.3,5.1,.451,0.8,2.5,.313,1.5,2.6,.585,.528,1.0,1.2,.892,0.2,1.4,1.6,1.7,0.6,0.2,0.9,1.5,6.4,,poweldr01
281,Ben Sheppard,24,IND,SG,35,12,22.5,2.2,5.9,.377,1.2,3.7,.323,1.0,2.2,.468,.478,0.7,1.0,.765,0.6,2.6,3.3,1.8,0.6,0.1,0.5,1.9,6.4,,sheppbe01
282,Jaxson Hayes,25,LAL,C,36,4,17.5,2.6,3.3,.775,0.0,0.0,1.000,2.6,3.3,.773,.779,1.1,1.8,.625,1.4,2.5,3.9,0.8,0.3,0.6,0.6,2.1,6.3,,hayesja02
283,Mac McClung,27,IND,SG,3,0,11.3,2.3,6.0,.389,0.7,3.3,.200,1.7,2.7,.625,.444,1.0,1.3,.750,0.0,1.3,1.3,0.3,1.7,0.3,0.7,2.0,6.3,,mccluma01
284,Josh Minott,23,BOS,PF,29,10,17.6,2.3,4.5,.504,1.1,2.5,.438,1.2,2.0,.586,.626,0.7,0.9,.769,1.3,2.6,4.0,1.1,0.8,0.4,0.6,1.7,6.3,,minotjo01
285,Jalen Pickett,26,DEN,SG,31,13,18.9,2.4,5.5,.435,1.2,2.9,.411,1.2,2.6,.463,.544,0.3,0.4,.909,0.5,2.4,2.9,2.9,0.4,0.1,0.8,1.0,6.3,,pickeja02
286,Sidy Cissoko,21,POR,SF,41,20,21.6,2.0,5.2,.391,1.1,3.3,.326,1.0,2.0,.500,.493,1.0,1.5,.700,0.9,1.4,2.3,1.4,0.7,0.3,1.1,2.7,6.2,,cissosi01
287,Sion James,23,CHO,SG,46,18,25.0,1.9,4.9,.384,1.0,2.9,.356,0.8,2.0,.424,.489,1.4,1.6,.865,0.6,2.9,3.5,2.0,0.6,0.4,0.8,1.8,6.2,,jamessi01
288,Nae'Qwan Tomlin,25,CLE,PF,36,2,16.3,2.5,5.2,.478,0.4,1.9,.232,2.0,3.3,.624,.522,0.8,1.1,.707,1.4,1.8,3.1,0.9,0.7,0.7,0.3,2.1,6.2,,tomlina01
289,Alex Caruso,31,OKC,SG,32,0,18.2,2.2,5.3,.417,1.0,3.2,.301,1.2,2.0,.600,.509,0.7,0.9,.821,0.6,2.3,2.8,2.1,1.4,0.4,0.8,1.3,6.1,,carusal01
290,Spencer Jones,24,DEN,SF,41,29,23.5,2.2,4.4,.514,1.0,2.5,.394,1.2,1.8,.680,.628,0.6,1.0,.634,1.1,2.0,3.1,0.9,0.9,0.4,0.6,2.8,6.1,,jonessp01
291,Jared McCain,21,PHI,SG,31,1,16.7,2.2,6.3,.354,1.0,3.0,.323,1.3,3.3,.382,.431,0.7,0.8,.880,0.1,2.0,2.1,1.5,0.7,0.0,0.7,1.2,6.1,,mccaija01
292,Kris Murray,25,POR,SF,34,11,25.7,2.3,5.1,.446,0.6,2.3,.256,1.7,2.9,.598,.503,0.9,1.2,.738,1.8,2.2,4.0,1.2,1.2,0.4,0.9,2.0,6.1,,murrakr01
293,Taurean Prince,31,MIL,SF,8,0,21.1,2.1,4.8,.447,1.5,3.5,.429,0.6,1.3,.500,.605,0.4,0.4,1.000,0.0,1.6,1.6,1.0,0.8,0.3,0.6,2.5,6.1,,princta02
294,Nick Smith Jr.,21,LAL,SG,23,1,13.0,2.3,5.4,.427,1.2,3.0,.397,1.1,2.4,.464,.536,0.3,0.5,.636,0.1,0.7,0.8,1.2,0.3,0.1,0.8,1.0,6.1,,smithni01
295,Ja'Kobe Walter,21,TOR,SG,37,9,17.7,2.1,4.9,.431,1.2,3.2,.367,0.9,1.6,.557,.552,0.7,1.0,.750,0.7,1.4,2.1,0.9,0.9,0.2,0.5,1.9,6.1,,walteja01
296,Trendon Watford,25,PHI,PF,23,4,15.7,2.3,4.5,.524,0.3,0.9,.400,2.0,3.6,.554,.563,1.0,1.4,.750,0.8,2.6,3.3,2.7,0.3,0.3,1.1,2.0,6.1,,watfotr01
297,Kenrich Williams,31,OKC,PF,26,0,14.8,2.5,4.7,.520,0.8,2.3,.367,1.6,2.4,.667,.610,0.3,0.7,.471,0.8,2.3,3.2,1.6,0.6,0.2,0.5,1.1,6.1,,willike04
298,Aaron Holiday,29,HOU,PG,30,1,14.0,1.9,4.8,.400,1.3,3.3,.380,0.7,1.5,.444,.531,0.8,1.0,.862,0.1,0.7,0.8,1.0,0.4,0.1,0.7,1.4,6.0,,holidaa01
299,KJ Simpson,23,CHO,PG,14,2,15.9,2.2,6.4,.348,0.9,2.8,.308,1.4,3.6,.380,.416,0.7,1.1,.625,0.4,1.7,2.1,2.5,1.1,0.0,1.7,1.0,6.0,,simpskj01
300,Dru Smith,28,MIA,SG,45,1,16.9,2.0,5.1,.399,0.6,2.1,.309,1.4,3.0,.463,.463,1.3,1.6,.822,0.8,1.7,2.5,2.6,1.5,0.4,0.9,1.6,6.0,,smithdr01
301,Blake Wesley,22,POR,SG,6,0,16.3,2.3,5.7,.412,0.3,1.7,.200,2.0,4.0,.500,.441,1.0,1.7,.600,0.3,2.0,2.3,3.2,1.7,0.2,1.2,2.3,6.0,,weslebl01
302,Robert Williams,28,POR,C,31,1,16.0,2.6,3.6,.726,0.1,0.4,.250,2.5,3.3,.782,.739,0.6,0.8,.750,2.0,4.3,6.3,1.0,0.6,1.3,0.6,1.2,6.0,,williro04
303,Goga Bitadze,26,ORL,C,40,1,16.4,2.5,3.6,.676,0.1,0.3,.200,2.4,3.4,.711,.683,1.0,1.3,.731,2.2,3.1,5.2,1.2,0.8,1.2,0.6,2.2,5.9,,bitadgo01
304,Jordan Walsh,21,BOS,PF,40,20,19.0,2.3,4.0,.559,0.8,1.8,.429,1.5,2.3,.659,.652,0.6,0.8,.806,1.3,3.1,4.4,0.9,0.9,0.5,0.5,2.3,5.9,,walshjo01
305,Steven Adams,32,HOU,C,32,11,22.8,2.2,4.3,.504,0.0,0.0,,2.2,4.3,.504,.504,1.5,2.5,.580,4.5,4.1,8.6,1.5,0.7,0.6,1.1,1.7,5.8,,adamsst01
306,Paul Reed,26,DET,C,31,6,12.2,2.5,4.2,.592,0.2,0.6,.350,2.3,3.5,.636,.619,0.6,1.0,.563,1.9,2.4,4.3,1.2,0.9,0.6,1.0,1.6,5.8,,reedpa01
307,Jase Richardson,20,ORL,SG,31,0,12.5,2.2,4.5,.493,0.7,1.8,.393,1.5,2.6,.561,.572,0.7,1.0,.719,0.5,1.0,1.5,1.3,0.3,0.1,0.6,1.1,5.8,,richaja02
308,Marcus Sasser,25,DET,PG,12,0,10.1,1.9,4.3,.442,1.2,2.8,.412,0.8,1.5,.500,.577,0.8,0.9,.909,0.1,1.0,1.1,1.9,0.6,0.2,0.7,1.0,5.8,,sassema01
309,Nolan Traoré,19,BRK,PG,23,0,18.6,2.0,5.8,.343,0.9,2.8,.323,1.1,3.0,.362,.422,0.9,1.1,.808,0.1,1.1,1.2,2.7,0.5,0.3,1.3,1.7,5.8,,traorno01
310,Dean Wade,29,CLE,PF,38,17,22.8,1.9,4.8,.407,1.2,3.6,.333,0.8,1.2,.617,.530,0.6,0.8,.750,0.8,3.3,4.1,1.6,0.8,0.4,0.3,1.6,5.7,,wadede01
311,Yves Missi,21,NOP,C,39,7,18.8,2.4,4.4,.543,0.0,0.0,.000,2.4,4.4,.547,.543,0.7,1.3,.592,3.0,2.6,5.5,1.2,0.3,1.3,0.8,1.7,5.6,,missiyv01
312,Josh Okogie,27,HOU,SG,43,27,19.9,2.0,4.4,.444,0.9,2.3,.396,1.0,2.0,.500,.550,0.7,1.1,.646,1.1,1.6,2.7,0.9,1.0,0.2,0.7,1.6,5.6,,okogijo01
313,Jaylin Williams,23,OKC,PF,31,4,18.0,1.7,4.8,.365,1.1,3.7,.304,0.6,1.1,.576,.483,1.0,1.3,.732,0.5,4.1,4.6,2.5,0.6,0.5,1.0,2.0,5.6,,willija07
314,Eric Gordon,37,PHI,SG,6,0,12.3,2.0,3.5,.571,1.3,2.3,.571,0.7,1.2,.571,.762,0.2,0.3,.500,0.2,0.2,0.3,0.5,0.7,0.2,0.5,0.5,5.5,,gordoer01
315,Oso Ighodaro,23,PHO,PF,45,7,20.1,2.4,3.9,.616,0.0,0.0,.000,2.4,3.9,.619,.616,0.6,1.3,.500,1.4,3.0,4.4,1.8,1.0,0.6,1.2,2.6,5.5,,ighodos01
316,Cody Williams,21,UTA,SG,33,10,17.8,2.4,5.1,.462,0.4,1.8,.224,2.0,3.4,.586,.500,0.4,0.7,.565,0.8,1.4,2.2,0.8,0.4,0.4,0.5,1.7,5.5,,willico04
317,Jevon Carter,30,CHI,PG,21,0,11.1,1.8,4.4,.398,1.4,3.3,.414,0.4,1.1,.348,.554,0.5,0.5,1.000,0.2,0.8,1.0,0.9,0.6,0.0,0.5,0.8,5.4,,carteje01
318,Johnny Furphy,21,IND,SG,28,14,17.9,2.1,4.2,.492,0.8,2.0,.368,1.3,2.2,.607,.581,0.5,1.0,.464,1.0,3.3,4.2,0.9,0.6,0.2,0.8,1.8,5.4,,furphjo01
319,Will Riley,19,WAS,SF,36,1,14.3,1.9,4.7,.412,0.5,1.8,.258,1.5,2.9,.510,.462,1.0,1.3,.800,0.7,1.3,2.0,1.1,0.4,0.1,0.8,0.8,5.4,,rileywi01
320,Ben Saraf,19,BRK,SG,12,5,16.9,1.8,5.2,.355,0.8,2.8,.273,1.1,2.4,.448,.427,1.0,1.3,.800,0.4,1.2,1.6,2.8,0.7,0.3,1.9,1.3,5.4,,sarafbe01
321,Pat Spencer,29,GSW,PG,30,3,13.7,2.1,5.1,.408,0.6,1.6,.362,1.5,3.5,.429,.464,0.7,0.8,.875,0.6,1.3,2.0,3.0,0.6,0.0,0.9,1.1,5.4,,spencpa01
322,Nique Clifford,23,SAC,SG,42,3,18.5,2.0,5.0,.401,0.7,2.3,.292,1.4,2.8,.491,.467,0.5,0.8,.676,0.7,2.2,2.9,1.3,0.5,0.3,1.1,1.9,5.3,,cliffni01
323,Keon Ellis,26,SAC,SG,39,5,17.3,1.8,4.7,.384,1.2,3.2,.357,0.7,1.5,.441,.505,0.5,0.8,.633,0.4,1.0,1.3,0.6,1.1,0.5,0.5,1.6,5.3,,elliske01
324,Drew Eubanks,28,SAC,C,30,11,14.0,2.2,3.7,.600,0.0,0.1,.250,2.2,3.5,.613,.605,0.8,1.4,.558,0.8,1.9,2.7,0.3,0.4,0.6,0.8,1.4,5.2,,eubandr01
325,Garrison Mathews,29,IND,SG,15,1,13.1,1.4,3.5,.404,1.1,3.1,.370,0.3,0.4,.667,.567,1.3,1.5,.826,0.1,1.0,1.1,0.7,0.4,0.2,0.2,1.3,5.2,,mathega01
326,Asa Newell,20,ATL,PF,33,0,10.6,2.0,3.6,.558,0.8,1.7,.439,1.3,1.9,.667,.663,0.3,0.6,.550,0.8,1.1,1.9,0.5,0.4,0.3,0.5,1.6,5.2,,newelas01
327,Noah Penda,21,ORL,SF,29,2,14.1,1.9,4.1,.450,0.7,1.7,.429,1.1,2.4,.465,.538,0.7,1.2,.600,1.6,2.4,4.0,1.2,0.6,0.4,0.8,1.4,5.2,,pendano01
328,Tolu Smith,25,DET,PF,5,0,11.0,1.4,3.0,.467,0.0,0.0,,1.4,3.0,.467,.467,2.4,3.0,.800,2.0,3.6,5.6,0.8,0.4,1.0,0.8,1.4,5.2,,smithto05
329,Jalen Wilson,25,BRK,PF,29,0,13.7,1.6,4.2,.377,0.9,2.7,.351,0.7,1.6,.422,.488,1.0,1.3,.757,0.1,1.1,1.2,0.6,0.3,0.1,0.5,1.2,5.1,,wilsoja03
330,Lonzo Ball,28,CLE,PG,31,3,21.3,1.6,5.3,.309,1.2,4.4,.277,0.4,0.9,.464,.424,0.5,0.6,.700,0.8,3.2,4.0,4.1,1.3,0.3,1.5,1.4,5.0,,balllo01
331,Branden Carlson,26,OKC,C,32,2,11.0,2.1,3.9,.524,0.6,1.8,.351,1.4,2.2,.667,.603,0.3,0.5,.529,0.6,2.0,2.5,0.6,0.2,0.5,0.4,0.9,5.0,,carlsbr01
332,Taylor Hendricks,22,UTA,PF,31,6,15.0,1.8,3.8,.470,0.7,2.0,.365,1.0,1.7,.593,.568,0.7,1.0,.767,0.9,2.2,3.1,0.7,0.4,0.3,0.5,1.3,5.0,,hendrta01
333,Karlo Matković,24,NOP,PF,34,2,12.8,2.1,3.4,.624,0.5,1.1,.421,1.7,2.3,.722,.692,0.2,0.4,.533,0.8,2.4,3.2,0.7,0.3,0.7,0.5,1.6,5.0,,matkoka01
334,Gary Payton II,33,GSW,SG,43,1,12.8,2.2,4.1,.542,0.3,1.1,.292,1.9,3.0,.636,.582,0.2,0.3,.571,1.1,2.1,3.2,1.6,0.5,0.3,0.9,1.5,5.0,,paytoga02
335,Tyrese Proctor,21,CLE,PG,33,1,10.5,1.7,4.4,.384,0.9,2.8,.337,0.8,1.6,.463,.490,0.6,0.8,.840,0.2,1.0,1.2,1.2,0.3,0.0,0.5,1.2,5.0,,proctty01
336,Matisse Thybulle,28,POR,SG,4,0,12.3,1.5,2.5,.600,1.0,1.5,.667,0.5,1.0,.500,.800,1.0,1.0,1.000,0.0,1.0,1.0,0.8,2.5,0.0,0.3,1.8,5.0,,thybuma01
337,Jarred Vanderbilt,26,LAL,PF,35,3,19.6,1.9,3.9,.486,0.5,1.6,.333,1.4,2.3,.593,.554,0.6,0.9,.667,1.6,3.5,5.1,1.3,0.9,0.4,1.1,1.9,5.0,,vandeja01
338,Tyler Kolek,24,NYK,PG,39,1,13.3,2.0,4.6,.430,0.6,1.9,.329,1.3,2.6,.505,.500,0.3,0.4,.688,0.3,1.6,1.9,2.7,0.4,0.1,1.0,1.4,4.9,,kolekty01
339,Micah Peavy,24,NOP,SG,39,1,16.1,2.1,5.1,.400,0.5,1.9,.257,1.6,3.2,.484,.448,0.3,0.4,.733,0.9,1.3,2.3,1.2,0.7,0.2,0.3,1.7,4.9,,peavymi01
340,Mitchell Robinson,27,NYK,C,32,13,19.5,2.1,3.1,.680,0.0,0.0,,2.1,3.1,.680,.680,0.6,1.7,.377,4.9,4.3,9.2,1.0,0.9,1.2,0.7,2.4,4.9,,robinmi01
341,Dylan Cardwell,24,SAC,C,19,1,19.2,2.1,3.7,.557,0.0,0.1,.000,2.1,3.6,.565,.557,0.7,1.4,.538,2.8,4.1,6.9,1.1,0.8,1.6,0.7,3.9,4.8,,cardwdy01
342,Justin Edwards,22,PHI,SF,33,5,14.4,1.7,4.4,.384,1.0,2.9,.333,0.7,1.5,.480,.493,0.5,0.5,.882,0.5,1.1,1.5,1.2,0.6,0.2,0.6,1.5,4.8,,edwarju01
343,Jett Howard,22,ORL,SF,28,0,11.0,1.6,4.4,.374,0.9,2.8,.333,0.7,1.6,.444,.480,0.6,0.6,.944,0.4,1.1,1.4,0.9,0.1,0.1,0.2,1.0,4.8,,howarje01
344,Dalton Knecht,24,LAL,SF,36,1,12.5,1.8,4.2,.437,0.8,2.5,.319,1.0,1.7,.617,.533,0.3,0.4,.688,0.3,1.3,1.6,0.4,0.2,0.3,0.4,1.0,4.8,,knechda01
345,Craig Porter Jr.,25,CLE,PG,42,2,17.7,2.0,4.2,.469,0.6,1.4,.400,1.4,2.7,.504,.537,0.4,0.6,.556,1.4,2.1,3.5,3.0,0.9,0.6,0.9,1.1,4.8,,portecr01
346,Olivier-Maxence Prosper,23,MEM,PF,20,0,11.3,1.6,3.2,.484,0.4,1.1,.318,1.2,2.1,.571,.539,1.3,1.4,.929,0.6,1.7,2.3,0.8,0.2,0.1,0.6,0.8,4.8,,prospol01
347,Mike Conley,38,MIN,PG,39,8,18.5,1.4,4.1,.338,1.0,3.1,.336,0.4,1.1,.341,.463,0.9,1.1,.881,0.3,1.4,1.7,2.9,0.6,0.2,0.6,1.5,4.7,,conlemi01
348,Zeke Nnaji,25,DEN,PF,33,2,13.7,1.7,3.4,.487,0.3,1.2,.275,1.3,2.2,.603,.535,1.0,1.2,.825,0.7,2.1,2.8,0.6,0.4,0.5,0.5,1.4,4.7,,nnajize01
349,Gabe Vincent,29,LAL,PG,24,7,19.6,1.5,4.5,.330,1.3,3.6,.360,0.2,1.0,.217,.472,0.4,0.5,.909,0.3,0.6,0.9,1.3,0.5,0.0,0.4,2.1,4.7,,vincega01
350,Grant Williams,27,CHO,PF,6,0,17.2,1.5,4.8,.310,0.8,3.8,.217,0.7,1.0,.667,.397,0.8,1.0,.833,0.8,2.3,3.2,1.2,0.8,0.3,0.5,0.8,4.7,,willigr01
351,PJ Hall,23,2TM,C,15,2,10.3,1.7,2.9,.591,0.2,0.3,.600,1.5,2.6,.590,.625,0.9,1.3,.700,1.5,1.9,3.5,0.5,0.1,0.6,0.7,1.1,4.6,,hallpj01
351,PJ Hall,23,MEM,C,7,0,3.9,0.7,1.3,.556,0.1,0.4,.333,0.6,0.9,.667,.611,0.3,0.4,.667,0.4,0.9,1.3,0.3,0.0,0.3,0.1,0.4,1.9,,hallpj01
351,PJ Hall,23,CHO,C,8,2,15.9,2.6,4.4,.600,0.3,0.3,1.000,2.4,4.1,.576,.629,1.5,2.1,.706,2.5,2.9,5.4,0.6,0.1,0.9,1.3,1.6,7.0,,hallpj01
352,Ochai Agbaji,25,TOR,SG,38,13,16.5,1.8,4.4,.422,0.3,1.7,.188,1.5,2.7,.569,.458,0.6,0.7,.889,0.8,1.6,2.4,0.8,0.4,0.3,0.4,1.9,4.6,,agbajoc01
353,Nicolas Batum,37,LAC,PF,43,4,20.1,1.5,3.8,.393,1.4,3.6,.394,0.1,0.2,.375,.580,0.2,0.3,.818,0.4,2.2,2.6,0.8,0.8,0.4,0.6,1.7,4.6,,batumni01
354,Thomas Bryant,28,CLE,C,32,0,9.1,1.6,3.2,.515,0.5,1.5,.347,1.1,1.6,.673,.599,0.8,1.0,.806,0.8,1.8,2.5,0.4,0.2,0.4,0.4,1.2,4.6,,bryanth01
355,Mouhamed Gueye,23,ATL,PF,45,4,16.0,1.8,4.2,.439,0.5,1.8,.272,1.3,2.4,.566,.497,0.5,0.9,.590,1.1,2.4,3.5,1.0,0.8,0.6,0.6,1.7,4.6,,gueyemo02
356,Jeremiah Robinson-Earl,25,2TM,PF,22,3,16.4,1.7,4.5,.370,0.5,1.9,.244,1.2,2.7,.458,.420,0.8,0.8,.944,1.6,3.0,4.7,0.7,0.4,0.0,0.5,1.2,4.6,,robinje02
356,Jeremiah Robinson-Earl,25,IND,PF,17,3,17.6,1.7,4.9,.349,0.5,1.9,.242,1.2,2.9,.420,.398,0.8,0.8,.929,1.9,3.3,5.2,0.7,0.4,0.1,0.6,1.4,4.6,,robinje02
356,Jeremiah Robinson-Earl,25,DAL,PF,5,0,12.2,1.6,3.4,.471,0.4,1.6,.250,1.2,1.8,.667,.529,0.8,0.8,1.000,0.8,2.2,3.0,0.6,0.4,0.0,0.4,0.6,4.4,,robinje02
357,Josh Green,25,CHO,SG,22,0,15.9,1.6,3.5,.449,1.1,2.7,.424,0.5,0.9,.526,.609,0.2,0.3,.667,1.0,1.1,2.1,1.0,0.6,0.1,0.5,1.1,4.5,,greenjo02
358,DaRon Holmes,23,DEN,PF,12,6,14.1,1.4,3.4,.415,1.2,2.8,.412,0.3,0.6,.429,.585,0.5,0.7,.750,0.4,1.6,2.0,1.3,0.0,0.3,0.4,1.3,4.5,,holmeda01
359,DeAndre Jordan,37,NOP,C,2,1,11.5,2.0,2.5,.800,0.0,0.0,,2.0,2.5,.800,.800,0.5,1.0,.500,2.0,3.0,5.0,0.0,0.0,0.0,0.5,0.5,4.5,,jordade01
360,A.J. Lawson,25,TOR,SG,11,0,9.6,1.5,3.7,.390,0.7,2.0,.364,0.7,1.7,.421,.488,0.8,0.8,1.000,0.6,1.4,2.0,0.3,0.4,0.3,0.4,1.4,4.5,,lawsoaj01
361,Terrence Shannon Jr.,25,MIN,SG,22,0,12.8,1.5,3.7,.395,0.7,1.7,.405,0.8,2.0,.386,.488,1.0,1.2,.778,0.3,1.0,1.3,0.6,0.3,0.0,0.7,1.3,4.5,,shannte01
362,Javon Small,23,MEM,PG,15,0,12.3,1.4,3.9,.362,0.7,2.1,.344,0.7,1.7,.385,.457,0.9,1.1,.824,0.3,1.0,1.3,3.2,0.3,0.1,1.3,1.3,4.5,,smallja01
363,Julian Strawther,23,DEN,SG,23,1,10.4,1.4,3.7,.384,0.3,1.6,.216,1.1,2.1,.510,.430,1.3,1.6,.784,0.1,1.3,1.4,0.8,0.2,0.0,0.4,1.0,4.5,,strawju01
364,Ethan Thompson,26,IND,SG,19,5,16.1,1.5,4.3,.358,0.8,2.9,.286,0.7,1.3,.520,.457,0.5,0.8,.667,0.6,1.3,1.8,1.4,0.5,0.3,0.6,1.9,4.4,,thompet01
365,RayJ Dennis,24,3TM,PG,15,0,11.8,1.5,4.9,.301,0.8,2.6,.308,0.7,2.3,.294,.384,0.5,0.6,.889,0.5,1.0,1.5,2.0,0.3,0.3,1.0,1.1,4.3,,dennira01
365,RayJ Dennis,24,IND,PG,13,0,12.9,1.7,5.5,.306,0.9,2.9,.316,0.8,2.6,.294,.389,0.6,0.7,.889,0.6,1.0,1.6,2.0,0.2,0.3,1.1,1.2,4.9,,dennira01
365,RayJ Dennis,24,LAC,PG,1,0,4.0,0.0,0.0,,0.0,0.0,,0.0,0.0,,,0.0,0.0,,0.0,2.0,2.0,0.0,0.0,0.0,1.0,0.0,0.0,,dennira01
365,RayJ Dennis,24,ATL,PG,1,0,5.0,0.0,1.0,.000,0.0,1.0,.000,0.0,0.0,,.000,0.0,0.0,,0.0,0.0,0.0,4.0,1.0,0.0,0.0,1.0,0.0,,dennira01
366,Jordan Hawkins,23,NOP,SG,35,0,14.1,1.5,4.8,.320,0.8,2.7,.301,0.7,2.2,.342,.402,0.4,0.5,.778,0.4,1.4,1.8,0.7,0.2,0.2,0.6,0.6,4.3,,hawkijo01
367,Trayce Jackson-Davis,25,GSW,C,32,1,11.9,1.8,2.9,.596,0.0,0.0,1.000,1.7,2.9,.591,.601,0.8,1.4,.565,1.4,1.9,3.3,0.9,0.3,0.6,0.4,1.1,4.3,,jackstr02
368,Kasparas Jakučionis,19,MIA,PG,20,4,14.6,1.3,3.7,.342,1.0,2.3,.444,0.3,1.4,.179,.479,0.8,0.9,.889,0.7,1.5,2.2,1.8,0.5,0.0,0.8,1.6,4.3,,jakucka01
369,Dereck Lively II,21,DAL,C,7,4,16.4,1.6,2.6,.611,0.0,0.0,,1.6,2.6,.611,.611,1.1,1.4,.800,2.0,3.3,5.3,1.9,0.6,1.6,1.4,3.0,4.3,,livelde01
370,Liam McNeeley,20,CHO,SF,27,0,12.4,1.3,3.2,.395,0.8,2.1,.379,0.4,1.0,.429,.523,0.9,1.1,.806,0.4,1.8,2.2,0.9,0.2,0.1,0.4,1.3,4.3,,mcneeli01
371,Jeremy Sochan,22,SAS,PF,27,0,13.1,1.7,3.6,.480,0.3,1.3,.257,1.4,2.3,.603,.526,0.4,0.6,.688,1.0,1.7,2.7,1.0,0.4,0.1,0.7,1.9,4.2,,sochaje01
372,Keaton Wallace,26,ATL,PG,36,2,12.2,1.6,3.7,.421,0.9,2.3,.402,0.6,1.4,.451,.545,0.2,0.3,.545,0.1,1.2,1.3,2.2,0.6,0.1,0.6,1.0,4.2,,wallake01
373,Malaki Branham,22,WAS,SG,25,0,9.5,1.4,3.0,.453,0.4,1.1,.321,1.0,1.9,.532,.513,1.0,1.2,.833,0.4,1.2,1.6,0.9,0.4,0.1,0.5,0.7,4.1,,branhma01
374,Jaylen Clark,24,MIN,SG,42,0,14.0,1.5,3.4,.433,0.4,1.4,.288,1.0,2.0,.537,.493,0.8,1.2,.647,0.9,1.0,2.0,0.6,0.8,0.2,0.3,1.5,4.1,,clarkja02
375,Hugo González,19,BOS,SF,40,2,14.9,1.7,3.2,.516,0.6,1.4,.393,1.1,1.8,.611,.602,0.2,0.4,.529,0.9,2.5,3.4,0.6,0.6,0.3,0.6,1.9,4.1,,gonzahu01
376,Adem Bona,22,PHI,C,35,3,16.7,1.4,2.4,.590,0.1,0.1,.400,1.3,2.2,.603,.602,1.2,1.7,.672,1.8,2.1,3.9,0.3,0.3,1.4,0.8,2.1,4.0,,bonaad01
377,Tony Bradley,28,IND,C,38,3,10.9,1.6,2.8,.557,0.0,0.1,.500,1.5,2.7,.558,.561,0.8,1.1,.744,1.5,1.3,2.8,0.5,0.2,0.2,0.4,1.6,4.0,,bradlto01
378,Brandon Clarke,29,MEM,PF,2,2,10.0,1.5,4.5,.333,0.0,0.0,,1.5,4.5,.333,.333,1.0,2.0,.500,2.0,1.0,3.0,0.5,1.0,0.0,0.0,2.5,4.0,,clarkbr01
379,Ousmane Dieng,22,OKC,C,22,0,11.0,1.5,3.4,.446,0.8,1.8,.436,0.7,1.6,.457,.561,0.3,0.3,1.000,0.3,1.3,1.6,0.9,0.0,0.3,0.3,0.9,4.0,,diengou01
380,Moussa Cisse,23,DAL,C,26,1,11.6,1.5,2.3,.639,0.0,0.0,,1.5,2.3,.639,.639,0.9,1.9,.460,1.9,2.7,4.5,0.2,0.3,1.2,0.8,1.8,3.9,,cissemo01
381,Jabari Walker,23,PHI,PF,40,6,12.7,1.4,3.3,.417,0.4,1.4,.246,1.0,1.9,.547,.470,0.8,1.1,.727,1.3,2.1,3.3,0.5,0.3,0.3,0.4,1.8,3.9,,walkeja01
382,Cam Christie,20,LAC,SG,29,0,10.1,1.2,2.9,.400,0.3,1.2,.278,0.8,1.7,.490,.459,1.0,1.3,.744,0.3,1.4,1.8,0.6,0.3,0.1,0.4,0.5,3.7,,chrisca02
383,Gui Santos,23,GSW,PF,35,3,11.5,1.3,2.8,.465,0.7,1.8,.359,0.7,1.0,.657,.581,0.5,0.7,.667,0.7,1.6,2.3,1.0,0.4,0.2,0.7,1.3,3.7,,santogu01
384,Clint Capela,31,HOU,C,37,1,11.6,1.6,3.1,.531,0.0,0.0,,1.6,3.1,.531,.531,0.4,0.8,.500,2.4,2.2,4.6,0.5,0.5,0.7,0.5,0.9,3.6,,capelca01
385,Rob Dillingham,21,MIN,PG,32,0,9.8,1.4,4.2,.338,0.3,1.0,.355,1.1,3.2,.333,.380,0.5,0.6,.750,0.2,1.1,1.2,1.8,0.5,0.1,1.0,1.1,3.6,,dilliro01
386,Yanic Konan Niederhäuser,22,LAC,C,24,0,8.8,1.4,2.1,.647,0.0,0.1,.000,1.4,2.0,.673,.647,0.8,1.3,.645,0.8,1.3,2.2,0.3,0.1,0.5,0.5,1.2,3.6,,konanya01
387,Charles Bassey,25,MEM,C,2,0,15.5,1.5,4.0,.375,0.0,0.0,,1.5,4.0,.375,.375,0.5,1.5,.333,3.5,4.0,7.5,1.0,0.5,0.5,0.5,2.5,3.5,,bassech01
388,Jamison Battle,24,TOR,SF,34,2,8.8,1.3,2.4,.549,0.6,1.4,.458,0.7,1.0,.676,.683,0.2,0.3,.667,0.3,1.2,1.5,0.4,0.1,0.1,0.4,0.8,3.5,,battlja01
389,Larry Nance Jr.,33,CLE,PF,19,2,14.3,1.4,3.9,.365,0.6,2.1,.308,0.8,1.8,.429,.446,0.1,0.2,.333,0.8,1.8,2.7,1.1,0.6,0.2,0.5,2.3,3.5,,nancela02
390,Kelly Olynyk,34,SAS,C,28,0,9.5,1.2,2.6,.472,0.3,1.4,.237,0.9,1.2,.735,.535,0.7,1.1,.667,0.6,1.3,1.9,1.3,0.5,0.0,0.6,1.2,3.5,,olynyke01
391,Doug McDermott,34,SAC,SF,7,0,10.0,1.1,3.3,.348,1.1,3.3,.348,0.0,0.0,,.522,0.0,0.0,,0.0,0.7,0.7,0.3,0.0,0.1,0.4,0.7,3.4,,mcderdo01
392,Drew Timme,25,LAL,PF,11,0,8.4,1.5,2.5,.593,0.5,0.9,.500,1.0,1.5,.647,.685,0.0,0.1,.000,0.5,1.0,1.5,1.0,0.5,0.0,0.3,0.7,3.4,,timmedr01
393,Jamir Watkins,24,WAS,SG,19,2,14.5,1.2,2.5,.458,0.4,1.5,.250,0.8,1.1,.750,.531,0.7,0.9,.778,0.7,2.4,3.1,0.6,0.7,0.4,0.4,2.4,3.4,,watkija01
394,Chaz Lanier,24,DET,SG,16,0,9.6,1.1,3.0,.354,0.9,2.6,.341,0.2,0.4,.429,.500,0.3,0.3,1.000,0.4,0.6,0.9,0.8,0.3,0.0,0.1,0.3,3.3,,laniech01
395,James Wiseman,24,IND,C,4,1,14.5,1.5,2.5,.600,0.0,0.0,,1.5,2.5,.600,.600,0.3,0.5,.500,1.3,0.8,2.0,0.8,0.0,0.3,1.3,2.5,3.3,,wisemja01
396,Devin Carter,23,SAC,PG,12,0,8.4,1.1,3.2,.342,0.4,1.7,.250,0.7,1.5,.444,.408,0.6,0.6,1.000,0.4,0.8,1.2,1.1,0.5,0.2,0.7,0.8,3.2,,cartede02
397,Dorian Finney-Smith,32,HOU,PF,13,0,15.5,1.1,3.4,.318,0.8,2.7,.286,0.3,0.7,.444,.432,0.2,0.2,1.000,1.0,1.7,2.7,0.5,0.2,0.2,0.5,1.7,3.2,,finnedo01
398,Myron Gardner,24,MIA,SF,18,0,7.1,1.2,2.6,.457,0.6,1.5,.370,0.6,1.1,.579,.565,0.3,0.5,.667,0.8,1.2,1.9,0.8,0.4,0.2,0.1,1.4,3.2,,gardnmy01
399,Miles Kelly,23,DAL,PG,9,0,8.6,1.2,3.1,.393,0.8,2.4,.318,0.4,0.7,.667,.518,0.0,0.0,,0.4,0.9,1.3,0.6,0.2,0.0,0.3,0.9,3.2,,kellymi02
400,Dwight Powell,34,DAL,C,32,7,14.9,1.0,1.5,.653,0.0,0.0,,1.0,1.5,.653,.653,1.2,1.8,.655,1.3,2.5,3.9,1.0,0.6,0.4,0.5,2.0,3.2,,poweldw01
401,Nick Richards,28,PHO,C,28,2,9.1,1.3,2.5,.493,0.0,0.0,,1.3,2.5,.493,.493,0.7,1.0,.679,1.3,2.0,3.3,0.3,0.1,0.5,0.9,1.4,3.2,,richani01
402,Tyus Jones,29,ORL,PG,43,8,16.1,1.2,3.5,.336,0.6,2.3,.278,0.5,1.2,.442,.426,0.1,0.1,1.000,0.2,0.9,1.1,2.3,0.7,0.1,0.3,0.6,3.1,,jonesty01
403,Mark Sears,23,MIL,PG,7,0,3.7,0.9,1.9,.462,0.6,1.1,.500,0.3,0.7,.400,.615,0.9,1.1,.750,0.1,0.1,0.3,0.3,0.0,0.0,0.6,0.6,3.1,,searsma01
404,Dalen Terry,23,CHI,SG,28,0,10.1,1.2,2.8,.436,0.5,1.2,.382,0.8,1.6,.477,.519,0.2,0.4,.545,0.5,1.2,1.7,1.1,0.6,0.3,0.6,1.0,3.1,,terryda01
405,Joan Beringer,19,MIN,PF,19,0,6.7,1.4,2.0,.711,0.0,0.0,,1.4,2.0,.711,.711,0.2,0.2,.750,0.9,1.1,2.1,0.3,0.2,0.4,0.3,1.0,3.0,,berinjo01
406,Kobe Bufkin,22,LAL,SG,4,0,11.3,1.0,2.8,.364,0.5,1.8,.286,0.5,1.0,.500,.455,0.5,0.5,1.000,0.3,1.0,1.3,0.5,0.3,0.8,0.3,0.8,3.0,,bufkiko01
407,Pat Connaughton,33,CHO,SG,21,0,7.0,1.0,2.1,.489,0.5,1.3,.407,0.5,0.9,.611,.611,0.4,0.6,.615,0.2,1.1,1.3,0.6,0.2,0.0,0.1,0.2,3.0,,connapa01
408,Keshad Johnson,24,MIA,SF,19,0,7.6,1.1,2.7,.385,0.3,1.1,.286,0.7,1.6,.452,.442,0.6,0.8,.733,0.7,1.2,1.8,0.1,0.3,0.2,0.4,0.8,3.0,,johnske10
409,Chris Livingston,22,CLE,SF,3,0,5.7,1.3,2.3,.571,0.0,1.0,.000,1.3,1.3,1.000,.571,0.3,0.3,1.000,0.0,1.0,1.0,0.3,0.3,0.0,0.0,1.3,3.0,,livinch01
410,Alijah Martin,24,TOR,SG,10,0,8.8,0.9,2.6,.346,0.2,1.1,.182,0.7,1.5,.467,.385,1.0,1.2,.833,0.6,0.6,1.2,0.8,0.5,0.3,0.3,0.9,3.0,,martial01
411,Emanuel Miller,25,CHI,PF,5,0,6.6,1.2,2.6,.462,0.4,1.2,.333,0.8,1.4,.571,.538,0.2,0.4,.500,0.2,0.4,0.6,0.8,0.4,0.0,0.0,0.4,3.0,,milleem01
412,Riley Minix,25,SAS,SF,3,0,2.7,1.3,2.0,.667,0.3,1.0,.333,1.0,1.0,1.000,.750,0.0,0.0,,0.3,0.3,0.7,0.3,0.3,0.0,0.0,0.3,3.0,,minixri01
413,Monte Morris,30,IND,PG,6,0,10.8,1.2,3.3,.350,0.3,1.3,.250,0.8,2.0,.417,.400,0.3,0.7,.500,0.2,1.0,1.2,1.5,0.2,0.2,0.3,0.5,3.0,,morrimo01
414,Antonio Reeves,25,CHO,SG,7,0,8.0,1.1,2.3,.500,0.7,1.4,.500,0.4,0.9,.500,.656,0.0,0.0,,0.1,0.6,0.7,0.3,0.1,0.0,0.0,0.4,3.0,,reevean01
415,Baylor Scheierman,25,BOS,SG,40,3,12.7,1.1,2.4,.457,0.8,1.8,.417,0.3,0.6,.591,.617,0.1,0.1,.800,0.3,1.6,2.0,0.8,0.6,0.1,0.4,1.4,3.0,,scheiba01
416,Kobe Brown,26,LAC,PF,28,0,9.4,0.9,2.6,.361,0.4,1.5,.233,0.6,1.0,.552,.431,0.6,0.8,.818,0.6,1.1,1.8,0.9,0.3,0.1,0.4,0.5,2.9,,brownko01
417,David Jones García,24,SAS,SF,11,0,6.2,1.2,2.3,.520,0.3,0.5,.600,0.9,1.8,.500,.580,0.3,0.5,.500,0.4,0.8,1.2,1.6,0.5,0.1,0.5,0.5,2.9,,jonesda06
418,John Konchar,29,MEM,SG,27,1,13.6,1.1,2.3,.492,0.4,1.2,.303,0.7,1.0,.714,.574,0.3,0.5,.615,0.6,2.4,2.9,1.3,1.0,0.4,0.4,1.0,2.9,,konchjo01
419,Pete Nance,25,MIL,PF,14,0,7.4,1.1,2.1,.552,0.6,1.3,.500,0.5,0.8,.636,.707,0.0,0.0,,0.4,0.9,1.3,0.4,0.4,0.2,0.4,0.3,2.9,,nancepe01
420,Chris Paul,40,LAC,PG,16,0,14.3,1.1,3.5,.321,0.6,1.9,.333,0.5,1.6,.308,.411,0.1,0.1,.500,0.4,1.4,1.8,3.3,0.7,0.0,1.0,1.4,2.9,,paulch01
421,Duop Reath,29,POR,C,32,0,8.1,1.0,2.3,.446,0.7,1.7,.418,0.3,0.6,.526,.601,0.2,0.2,.833,0.3,0.9,1.2,0.3,0.2,0.3,0.2,0.9,2.9,,reathdu01
422,Jericho Sims,27,MIL,C,31,4,14.0,1.3,1.6,.837,0.0,0.0,,1.3,1.6,.837,.837,0.3,0.4,.615,1.3,2.4,3.6,0.6,0.2,0.2,1.0,1.6,2.9,,simsje01
423,Trey Alexander,22,NOP,SG,5,0,8.4,1.2,1.8,.667,0.4,0.6,.667,0.8,1.2,.667,.778,0.0,0.0,,0.0,0.8,0.8,1.0,0.2,0.2,0.2,0.8,2.8,,alexatr01
424,Gary Harris,31,MIL,SG,34,2,14.9,1.0,2.0,.485,0.6,1.2,.476,0.4,0.8,.500,.632,0.2,0.3,.889,0.4,1.1,1.5,1.1,0.6,0.1,0.4,1.2,2.8,,harriga01
425,Jonathan Isaac,28,ORL,PF,36,0,10.0,1.0,2.2,.443,0.2,0.9,.194,0.8,1.3,.604,.481,0.7,1.2,.605,0.8,1.8,2.6,0.3,0.4,0.5,0.3,0.8,2.8,,isaacjo01
426,Bobi Klintman,22,DET,SF,6,0,8.8,1.2,3.5,.333,0.5,1.8,.273,0.7,1.7,.400,.405,0.0,0.5,.000,0.8,1.8,2.7,0.7,0.3,0.0,0.8,1.5,2.8,,klintbo01
427,Caleb Martin,30,DAL,SF,39,5,12.1,1.1,2.5,.448,0.2,0.7,.286,0.9,1.7,.515,.490,0.4,0.6,.640,0.4,1.5,1.9,1.4,0.6,0.2,0.6,1.5,2.8,,martica02
428,Julian Phillips,22,CHI,SF,30,2,9.7,1.1,2.5,.427,0.5,1.5,.318,0.6,1.0,.581,.520,0.2,0.2,.833,0.7,0.7,1.3,0.2,0.5,0.2,0.2,1.1,2.8,,phillju01
429,Guerschon Yabusele,30,NYK,C,38,0,9.2,1.1,2.7,.392,0.5,1.7,.308,0.5,1.0,.541,.490,0.2,0.3,.667,0.6,1.5,2.1,0.5,0.1,0.1,0.4,0.9,2.8,,yabusgu01
430,Jamal Cain,26,ORL,SF,18,0,7.0,0.8,2.1,.378,0.3,1.0,.278,0.5,1.1,.474,.446,0.8,1.0,.833,0.4,0.3,0.7,0.3,0.2,0.1,0.3,1.2,2.7,,cainja01
431,Kevon Looney,29,NOP,C,17,6,13.9,1.2,2.8,.426,0.1,0.5,.111,1.1,2.2,.500,.436,0.3,0.5,.625,2.3,2.8,5.1,1.5,0.4,0.5,0.5,1.8,2.7,,looneke01
432,Jae'Sean Tate,30,HOU,SF,26,0,8.0,1.1,2.2,.500,0.3,0.7,.368,0.8,1.5,.564,.560,0.2,0.2,.800,0.7,0.8,1.5,0.5,0.2,0.1,0.3,1.2,2.7,,tateja01
433,Rasheer Fleming,21,PHO,PF,24,0,7.0,1.0,2.8,.353,0.3,1.6,.205,0.7,1.2,.552,.412,0.3,0.4,.778,0.7,0.6,1.3,0.2,0.3,0.3,0.2,0.8,2.6,,flemira01
434,Leonard Miller,22,MIN,SF,17,0,5.1,1.1,1.9,.563,0.1,0.6,.091,1.0,1.2,.810,.578,0.4,0.6,.636,0.4,1.0,1.4,0.3,0.2,0.0,0.4,0.6,2.6,,millele01
435,Rayan Rupert,21,POR,SG,39,0,11.8,1.0,2.9,.354,0.4,1.4,.264,0.7,1.5,.433,.416,0.2,0.3,.583,0.4,1.2,1.7,0.7,0.5,0.1,0.4,1.2,2.6,,ruperra01
436,Carter Bryant,20,SAS,PF,35,0,8.2,0.9,2.6,.348,0.3,1.4,.250,0.6,1.3,.455,.413,0.3,0.3,.833,0.4,1.3,1.7,0.2,0.2,0.1,0.3,0.8,2.5,,bryanca01
437,Christian Koloko,25,3TM,C,15,2,14.9,1.1,2.7,.425,0.1,0.1,.500,1.1,2.5,.421,.438,0.1,0.3,.250,1.3,1.9,3.1,0.7,0.7,1.1,0.7,1.7,2.4,,kolokch01
437,Christian Koloko,25,LAL,C,2,0,3.0,0.0,0.0,,0.0,0.0,,0.0,0.0,,,0.0,0.0,,0.0,0.5,0.5,0.0,0.0,0.0,0.0,0.5,0.0,,kolokch01
437,Christian Koloko,25,MEM,C,11,2,17.7,1.3,3.2,.400,0.0,0.1,.000,1.3,3.1,.412,.400,0.1,0.4,.250,1.7,2.3,4.0,0.9,0.9,1.2,0.6,1.8,2.6,,kolokch01
437,Christian Koloko,25,ATL,C,2,0,11.5,1.5,2.5,.600,0.5,0.5,1.000,1.0,2.0,.500,.700,0.0,0.0,,0.0,1.0,1.0,0.0,0.5,1.5,1.5,2.5,3.5,,kolokch01
438,Elijah Harkless,25,UTA,SG,7,0,9.4,0.6,1.6,.364,0.3,1.0,.286,0.3,0.6,.500,.455,1.0,1.3,.778,0.3,0.6,0.9,0.7,0.6,0.0,0.4,1.4,2.4,,harklej01
439,Xavier Tillman Sr.,27,BOS,C,13,1,8.5,1.1,2.3,.467,0.2,1.1,.214,0.8,1.2,.688,.517,0.0,0.0,,0.8,1.2,1.9,0.4,0.5,0.2,0.4,0.7,2.4,,tillmxa01
440,Chris Boucher,33,BOS,PF,8,0,11.4,0.9,2.8,.318,0.1,1.5,.083,0.8,1.3,.600,.341,0.4,0.5,.750,0.3,2.0,2.3,0.4,0.6,0.9,0.1,2.0,2.3,,bouchch01
441,Yang Hansen,20,POR,C,26,1,8.3,0.8,2.7,.286,0.2,1.2,.156,0.6,1.5,.395,.321,0.6,0.6,.938,0.4,1.3,1.7,0.7,0.1,0.3,0.9,1.2,2.3,,yangha01
442,Caleb Houstan,23,ATL,SF,10,0,4.9,0.7,1.5,.467,0.6,1.2,.500,0.1,0.3,.333,.667,0.3,0.3,1.000,0.4,0.1,0.5,0.2,0.1,0.1,0.4,0.6,2.3,,houstca01
443,Kevin McCullar Jr.,24,NYK,SF,12,0,7.3,0.8,1.9,.435,0.5,1.2,.429,0.3,0.8,.444,.565,0.2,0.4,.400,0.7,1.0,1.7,1.3,0.3,0.0,0.7,1.2,2.3,,mcculke01
444,Luke Travers,24,CLE,SG,12,0,8.6,0.8,3.0,.250,0.1,1.3,.063,0.7,1.7,.400,.264,0.8,0.8,1.000,0.8,1.3,2.0,0.8,0.6,0.3,0.3,0.5,2.3,,travelu01
445,Hunter Tyson,25,DEN,PF,18,2,8.0,0.7,2.8,.260,0.3,1.7,.194,0.4,1.1,.368,.320,0.5,0.6,.818,0.2,1.5,1.7,0.8,0.1,0.1,0.2,0.7,2.3,,tysonhu01
446,Jordan McLaughlin,29,SAS,PG,19,0,6.1,0.8,1.8,.429,0.4,1.0,.368,0.4,0.8,.500,.529,0.2,0.3,.800,0.2,0.5,0.7,0.8,0.5,0.0,0.4,0.4,2.2,,mclaujo01
447,Amir Coffey,28,MIL,SG,26,0,8.2,0.7,1.7,.409,0.2,0.8,.227,0.5,0.8,.591,.466,0.5,0.5,.929,0.2,0.6,0.8,0.3,0.1,0.1,0.2,0.4,2.1,,coffeam01
448,Jeff Green,39,HOU,PF,15,0,4.4,0.8,1.7,.480,0.5,1.1,.471,0.3,0.5,.500,.640,0.0,0.0,,0.1,0.5,0.5,0.1,0.0,0.1,0.1,0.3,2.1,,greenje02
449,Johnny Juzang,24,MIN,SG,17,0,3.9,0.8,1.9,.438,0.3,1.2,.250,0.5,0.7,.750,.516,0.2,0.2,.750,0.3,0.5,0.8,0.4,0.1,0.0,0.2,0.2,2.1,,juzanjo01
450,Maxi Kleber,34,LAL,PF,20,1,11.5,0.7,2.0,.325,0.2,0.9,.235,0.5,1.2,.391,.375,0.6,0.7,.786,0.7,1.2,1.9,0.7,0.3,0.3,0.4,1.6,2.1,,klebima01
451,Lindy Waters III,28,SAS,SG,26,0,7.2,0.7,2.1,.352,0.6,1.8,.319,0.2,0.3,.571,.491,0.0,0.0,1.000,0.1,0.7,0.8,0.4,0.2,0.0,0.1,0.7,2.1,,waterli01
452,Patrick Baldwin Jr.,23,LAC,SF,1,0,5.0,0.0,1.0,.000,0.0,1.0,.000,0.0,0.0,,.000,2.0,2.0,1.000,0.0,0.0,0.0,0.0,0.0,0.0,0.0,1.0,2.0,,baldwpa01
453,Koby Brea,23,PHO,SG,2,0,4.0,0.5,1.5,.333,0.0,1.0,.000,0.5,0.5,1.000,.333,1.0,1.0,1.000,0.0,0.5,0.5,1.0,0.0,0.0,0.0,0.0,2.0,,breako01
454,JD Davison,23,HOU,PG,20,0,7.2,0.7,2.0,.359,0.3,1.1,.286,0.4,0.9,.444,.436,0.3,0.5,.556,0.1,0.7,0.8,1.0,0.3,0.2,0.3,0.6,2.0,,davisjd01
455,Hunter Dickinson,25,NOP,C,1,0,5.0,1.0,2.0,.500,0.0,0.0,,1.0,2.0,.500,.500,0.0,0.0,,0.0,0.0,0.0,0.0,0.0,1.0,2.0,2.0,2.0,,dickihu01
456,Trentyn Flowers,20,CHI,SF,2,0,3.0,1.0,1.5,.667,0.0,0.5,.000,1.0,1.0,1.000,.667,0.0,0.0,,0.5,0.0,0.5,0.5,0.0,0.0,0.5,0.5,2.0,,flowetr01
457,Colby Jones,23,DET,SG,1,0,7.0,1.0,3.0,.333,0.0,2.0,.000,1.0,1.0,1.000,.333,0.0,0.0,,0.0,4.0,4.0,2.0,0.0,0.0,0.0,1.0,2.0,,jonesco02
458,Isaiah Livers,27,PHO,PF,23,0,10.2,0.7,1.9,.372,0.4,1.3,.323,0.3,0.5,.500,.488,0.2,0.3,.833,0.6,1.3,1.9,0.7,0.4,0.3,0.4,1.0,2.0,,liveris01
459,Wendell Moore Jr.,24,DET,SG,3,0,14.3,1.0,2.0,.500,0.0,0.3,.000,1.0,1.7,.600,.500,0.0,0.0,,0.3,1.0,1.3,1.0,0.7,0.3,0.3,0.3,2.0,,moorewe01
460,Daeqwon Plowden,27,SAC,SG,1,0,14.0,1.0,5.0,.200,0.0,3.0,.000,1.0,2.0,.500,.200,0.0,0.0,,2.0,0.0,2.0,0.0,0.0,0.0,0.0,0.0,2.0,,plowdda01
461,Oscar Tshiebwe,26,UTA,C,1,0,15.0,1.0,4.0,.250,0.0,0.0,,1.0,4.0,.250,.250,0.0,1.0,.000,2.0,4.0,6.0,1.0,1.0,0.0,0.0,2.0,2.0,,tshieos01
462,Jahmir Young,25,MIA,PG,5,0,4.8,0.8,2.2,.364,0.4,1.0,.400,0.4,1.2,.333,.455,0.0,0.0,,0.0,0.4,0.4,0.8,0.2,0.0,0.4,0.6,2.0,,youngja05
463,Javonte Cooke,26,POR,SG,9,0,6.8,0.8,2.9,.269,0.3,1.7,.200,0.4,1.2,.364,.327,0.0,0.0,,0.2,0.9,1.1,0.8,0.6,0.0,0.6,0.3,1.9,,cookeja01
464,Mohamed Diawara,20,NYK,SF,36,5,5.1,0.7,1.8,.400,0.4,1.0,.389,0.3,0.8,.414,.508,0.1,0.2,.500,0.3,0.8,1.0,0.5,0.2,0.1,0.3,0.5,1.9,,diawamo01
465,Ron Harper Jr.,25,BOS,SF,7,0,5.0,0.7,2.3,.313,0.4,1.7,.250,0.3,0.6,.500,.406,0.0,0.0,,0.4,0.4,0.9,0.6,0.1,0.4,0.1,0.4,1.9,,harpero02
466,Mason Plumlee,35,CHO,C,14,2,8.9,0.6,0.9,.750,0.0,0.0,,0.6,0.9,.750,.750,0.6,0.9,.667,0.7,2.1,2.9,1.1,0.4,0.0,0.6,0.7,1.9,,plumlma01
467,Andre Jackson Jr.,24,MIL,SG,19,0,6.7,0.5,1.8,.294,0.3,1.2,.227,0.3,0.6,.417,.368,0.5,0.5,.900,0.3,0.5,0.8,1.1,0.3,0.1,0.4,1.0,1.8,,jacksan01
468,Kam Jones,23,IND,SG,12,0,7.3,0.8,2.3,.357,0.1,0.8,.100,0.8,1.5,.500,.375,0.0,0.2,.000,0.3,0.5,0.8,0.9,0.3,0.0,0.3,0.3,1.8,,joneska03
469,E.J. Liddell,25,BRK,PF,8,0,4.4,0.6,1.5,.417,0.3,1.0,.250,0.4,0.5,.750,.500,0.3,0.4,.667,0.4,0.8,1.1,0.0,0.0,0.0,0.0,0.5,1.8,,liddeej01
470,Cody Martin,30,IND,SF,4,0,13.8,0.5,2.5,.200,0.0,1.3,.000,0.5,1.3,.400,.200,0.8,1.5,.500,0.3,3.3,3.5,0.5,1.0,0.5,1.0,1.3,1.8,,martico01
471,Orlando Robinson,25,ORL,C,4,1,6.3,0.8,1.3,.600,0.3,0.5,.500,0.5,0.8,.667,.700,0.0,0.0,,0.5,0.5,1.0,0.8,0.3,0.0,0.0,0.8,1.8,,robinor01
472,Chris Youngblood,23,OKC,SG,29,0,5.0,0.6,1.6,.348,0.5,1.4,.341,0.1,0.2,.400,.500,0.2,0.2,1.000,0.2,0.6,0.8,0.2,0.1,0.0,0.0,0.7,1.8,,youngch01
473,Harrison Ingram,23,SAS,SF,3,0,3.7,0.7,1.0,.667,0.3,0.3,1.000,0.3,0.7,.500,.833,0.0,0.0,,1.0,0.0,1.0,0.0,0.0,0.0,0.0,0.7,1.7,,ingraha01
474,AJ Johnson,21,WAS,SG,23,0,7.1,0.7,2.7,.258,0.2,0.8,.211,0.5,1.9,.279,.290,0.1,0.2,.750,0.3,0.8,1.1,0.6,0.2,0.0,0.5,0.4,1.7,,johnsaj01
475,Taelon Peter,23,IND,SG,22,0,6.3,0.5,1.8,.300,0.5,1.7,.270,0.1,0.1,.667,.425,0.2,0.3,.667,0.3,0.8,1.0,0.7,0.3,0.1,0.5,0.4,1.7,,peterta01
476,Thanasis Antetokounmpo,33,MIL,SF,14,0,3.1,0.6,1.0,.571,0.0,0.1,.000,0.6,0.9,.615,.571,0.4,0.6,.667,0.2,0.2,0.4,0.1,0.4,0.2,0.2,0.6,1.6,,antetth01
477,Ariel Hukporti,23,NYK,C,30,4,8.9,0.6,1.1,.529,0.0,0.0,.000,0.6,1.1,.545,.529,0.4,0.7,.650,1.0,1.7,2.8,0.6,0.2,0.6,0.5,1.2,1.6,,hukpoar01
478,Jacob Toppin,25,ATL,SF,5,0,3.4,0.8,1.2,.667,0.0,0.0,,0.8,1.2,.667,.667,0.0,0.0,,0.0,0.2,0.2,0.2,0.0,0.2,0.0,0.2,1.6,,toppija01
479,LJ Cryer,24,GSW,PG,2,0,2.5,0.5,1.5,.333,0.5,1.0,.500,0.0,0.5,.000,.500,0.0,0.0,,0.0,0.0,0.0,0.0,0.0,0.0,0.0,0.5,1.5,,cryerlj01
480,Tyson Etienne,26,BRK,PG,8,0,4.3,0.5,1.9,.267,0.5,1.6,.308,0.0,0.3,.000,.400,0.0,0.0,,0.0,0.0,0.0,0.1,0.0,0.0,0.1,0.6,1.5,,etienty01
481,Anthony Gill,33,WAS,PF,21,0,4.3,0.6,0.9,.632,0.1,0.3,.429,0.4,0.6,.750,.711,0.2,0.2,1.000,0.3,0.6,0.9,0.1,0.0,0.1,0.3,0.3,1.5,,gillan01
482,Bronny James,21,LAL,SG,24,1,6.9,0.5,1.7,.325,0.3,0.9,.333,0.3,0.8,.316,.413,0.1,0.1,1.000,0.2,0.3,0.4,1.1,0.4,0.0,0.5,0.5,1.5,,jamesbr02
483,Curtis Jones,24,DEN,SG,6,0,5.2,0.7,2.3,.286,0.2,1.5,.111,0.5,0.8,.600,.321,0.0,0.0,,0.2,0.7,0.8,0.5,0.0,0.0,0.2,0.5,1.5,,jonescu01
484,Jonathan Mogbo,24,TOR,PF,20,0,6.8,0.7,1.4,.519,0.0,0.0,,0.7,1.4,.519,.519,0.1,0.3,.400,0.6,1.3,1.9,0.5,0.1,0.2,0.3,0.7,1.5,,mogbojo01
485,Johni Broome,23,PHI,C,7,0,5.7,0.6,2.9,.200,0.0,0.4,.000,0.6,2.4,.235,.200,0.3,0.6,.500,0.9,1.0,1.9,0.6,0.3,0.0,0.3,0.7,1.4,,broomjo01
486,Nigel Hayes-Davis,31,PHO,SF,23,0,7.8,0.7,1.9,.349,0.1,0.7,.133,0.6,1.2,.464,.372,0.0,0.1,.500,0.5,0.8,1.3,0.3,0.3,0.0,0.3,0.7,1.4,,hayesni01
487,Isaac Jones,25,2TM,PF,4,1,4.5,0.5,1.0,.500,0.0,0.5,.000,0.5,0.5,1.000,.500,0.3,0.5,.500,0.5,0.0,0.5,0.3,0.0,0.0,0.0,1.0,1.3,,jonesis01
487,Isaac Jones,25,SAC,PF,3,1,5.7,0.3,0.7,.500,0.0,0.3,.000,0.3,0.3,1.000,.500,0.3,0.7,.500,0.7,0.0,0.7,0.3,0.0,0.0,0.0,1.3,1.0,,jonesis01
487,Isaac Jones,25,DET,PF,1,0,1.0,1.0,2.0,.500,0.0,1.0,.000,1.0,1.0,1.000,.500,0.0,0.0,,0.0,0.0,0.0,0.0,0.0,0.0,0.0,0.0,2.0,,jonesis01
488,Brooks Barnhizer,23,OKC,SG,23,0,7.8,0.5,1.2,.444,0.0,0.3,.167,0.5,0.9,.524,.463,0.2,0.3,.667,0.3,1.5,1.8,0.4,0.2,0.1,0.2,0.6,1.3,,barnhbr01
489,Khaman Maluach,19,PHO,C,18,0,4.7,0.4,1.1,.400,0.0,0.3,.000,0.4,0.8,.533,.400,0.4,0.4,.875,0.3,0.7,1.0,0.2,0.1,0.4,0.5,0.8,1.3,,maluakh01
490,Adou Thiero,21,LAL,SF,15,0,5.8,0.5,1.2,.389,0.0,0.1,.000,0.5,1.1,.412,.389,0.4,0.5,.750,0.5,0.7,1.2,0.3,0.3,0.1,0.3,1.0,1.3,,thierad01
491,Trey Jemison,26,NYK,C,6,0,6.3,0.5,0.5,1.000,0.0,0.0,,0.5,0.5,1.000,1.000,0.2,0.2,1.000,0.8,0.8,1.7,0.2,0.0,0.3,0.5,1.0,1.2,,jemistr01
492,Amari Williams,24,BOS,PF,10,1,6.2,0.3,0.4,.750,0.0,0.0,,0.3,0.4,.750,.750,0.5,0.7,.714,0.3,1.0,1.3,0.3,0.1,0.6,0.2,0.8,1.1,,william01
493,Kyle Lowry,39,PHI,PG,6,0,7.5,0.3,1.3,.250,0.3,1.3,.250,0.0,0.0,,.375,0.0,0.0,,0.0,0.5,0.5,1.2,0.2,0.0,0.3,0.5,1.0,,lowryky01
494,Hunter Sallis,22,PHI,SG,7,0,3.7,0.4,0.7,.600,0.0,0.0,,0.4,0.7,.600,.600,0.1,0.3,.500,0.0,0.1,0.1,0.6,0.0,0.1,0.7,0.3,1.0,,sallihu01
495,Dario Šarić,31,SAC,C,5,0,8.2,0.2,1.2,.167,0.2,0.6,.333,0.0,0.6,.000,.250,0.4,0.4,1.000,0.2,1.0,1.2,0.4,0.0,0.0,0.4,0.6,1.0,,saricda01
496,Jahmai Mashack,23,MEM,SG,7,0,3.6,0.3,1.1,.250,0.3,0.9,.333,0.0,0.3,.000,.375,0.0,0.0,,0.0,0.7,0.7,0.3,0.1,0.0,0.4,0.1,0.9,,mashaja01
497,Bismack Biyombo,33,SAS,C,11,1,5.9,0.4,0.5,.667,0.0,0.0,,0.4,0.5,.667,.667,0.1,0.2,.500,0.2,0.5,0.6,0.3,0.3,0.1,0.3,0.9,0.8,,biyombi01
498,N'Faly Dante,24,ATL,C,4,0,3.8,0.3,1.0,.250,0.0,0.0,,0.3,1.0,.250,.250,0.3,0.3,1.000,0.8,1.0,1.8,0.0,0.5,0.0,0.3,0.3,0.8,,nfalyda01
499,Drew Peterson,26,CHO,PF,6,0,10.7,0.3,2.7,.125,0.0,2.0,.000,0.3,0.7,.500,.125,0.2,0.3,.500,0.5,1.0,1.5,0.3,0.5,0.2,0.0,0.5,0.8,,peterdr01
500,Sharife Cooper,24,WAS,PG,5,0,3.8,0.2,0.4,.500,0.2,0.4,.500,0.0,0.0,,.750,0.0,0.0,,0.0,0.0,0.0,0.2,0.2,0.0,0.4,0.4,0.6,,coopesh01
501,Joe Ingles,38,MIN,SF,13,0,4.2,0.2,0.4,.400,0.1,0.3,.250,0.1,0.1,1.000,.500,0.2,0.2,1.000,0.0,0.4,0.4,0.8,0.5,0.0,0.4,0.5,0.5,,inglejo01
502,Pacome Dadiet,20,NYK,SG,18,0,3.2,0.1,0.5,.222,0.0,0.3,.000,0.1,0.2,.500,.222,0.2,0.2,1.000,0.1,0.6,0.6,0.4,0.1,0.0,0.0,0.2,0.4,,dadiepa01
503,Lachlan Olbrich,22,CHI,C,10,0,7.3,0.2,0.9,.222,0.0,0.4,.000,0.2,0.5,.400,.222,0.0,0.2,.000,0.7,1.4,2.1,0.9,0.0,0.0,0.4,1.6,0.4,,olbrila01
504,Garrett Temple,39,TOR,SG,12,0,2.8,0.1,0.6,.143,0.1,0.4,.200,0.0,0.2,.000,.214,0.1,0.2,.500,0.0,0.3,0.3,0.3,0.3,0.1,0.3,0.2,0.3,,templga01
505,Jahmyl Telfort,24,LAC,PF,8,0,4.0,0.0,0.5,.000,0.0,0.5,.000,0.0,0.0,,.000,0.1,0.5,.250,0.0,0.4,0.4,0.1,0.1,0.0,0.1,0.6,0.1,,telfoja01
506,Mo Bamba,27,TOR,C,2,0,3.0,0.0,1.0,.000,0.0,0.0,,0.0,1.0,.000,.000,0.0,0.0,,0.5,0.5,1.0,0.0,0.0,0.5,0.0,1.0,0.0,,bambamo01
507,Isaiah Crawford,24,HOU,SF,2,0,2.5,0.0,0.5,.000,0.0,0.5,.000,0.0,0.0,,.000,0.0,0.0,,0.0,0.0,0.0,0.0,0.0,0.0,0.0,0.0,0.0,,crawfis01
508,Noa Essengue,19,CHI,PF,2,0,3.0,0.0,1.5,.000,0.0,1.0,.000,0.0,0.5,.000,.000,0.0,0.0,,0.0,0.0,0.0,0.0,0.5,0.0,0.0,0.5,0.0,,essenno01
509,Tosan Evbuomwan,24,NYK,SF,5,0,1.6,0.0,0.2,.000,0.0,0.0,,0.0,0.2,.000,.000,0.0,0.0,,0.2,0.2,0.4,0.0,0.0,0.0,0.0,0.2,0.0,,evbuoto01
510,Vladislav Goldin,24,MIA,C,1,0,1.0,0.0,0.0,,0.0,0.0,,0.0,0.0,,,0.0,0.0,,0.0,0.0,0.0,1.0,0.0,0.0,0.0,0.0,0.0,,goldivl01
511,Chucky Hepburn,22,TOR,PG,2,0,6.5,0.0,3.0,.000,0.0,2.5,.000,0.0,0.5,.000,.000,0.0,0.0,,0.0,0.5,0.5,1.0,0.5,0.0,0.5,1.0,0.0,,hepbuch01
512,Malevy Leons,26,GSW,SF,2,0,2.5,0.0,0.5,.000,0.0,0.0,,0.0,0.5,.000,.000,0.0,0.0,,0.5,1.0,1.5,0.0,0.0,0.0,0.5,0.5,0.0,,leonsma01
513,Chris Mañon,24,LAL,SG,4,0,3.5,0.0,0.3,.000,0.0,0.3,.000,0.0,0.0,,.000,0.0,0.0,,0.3,0.5,0.8,0.0,0.3,0.5,0.0,0.8,0.0,,manonch01
,League Average,,,,,,,,,.469,,,.359,,,.547,.544,,,.786,,,,,,,,,,,-9999